Problem,Kind,Instance,Solver,Status,Time,Objective,Score,Score Incomplete,Score Area
atp-stage2,MIN,instance1-stage2,atlantis-free,UNK,1200000, ,0,0,1200000
atp-stage2,MIN,instance1-stage2,cbc-free,UNK,1200000, ,0,0,1200000
atp-stage2,MIN,instance1-stage2,choco-solver__cp_-free,S,1200000,7985080,16,19.5,305831.9397004762
atp-stage2,MIN,instance1-stage2,choco-solver__cp_lcg_-free,S,1200000,7985080,16,19.5,310743.5181027705
atp-stage2,MIN,instance1-stage2,chuffed-free,S,1200000,8094343,6,6,410195.31742187863
atp-stage2,MIN,instance1-stage2,cp_optimizer-free,SC,98676,7985080,23.31486652534821,19.5,25893.556975976306
atp-stage2,MIN,instance1-stage2,cplex-free,SC,615943,7985080,20.841786567496122,19.5,157615.7541645485
atp-stage2,MIN,instance1-stage2,crusher-free,UNK,1200000, ,0,0,1200000
atp-stage2,MIN,instance1-stage2,gecode-fd,SC,265849,7985080,22.02733319998298,19.5,68264.9595142627
atp-stage2,MIN,instance1-stage2,gecode___scheduling_portfolio__experimental_-free,S,1200000,7985080,16,19.5,307185.6898737436
atp-stage2,MIN,instance1-stage2,gurobi_12-free,SC,356356,7985080,21.6078376622332,19.5,91125.68929754761
atp-stage2,MIN,instance1-stage2,highs-free,ERR, , ,0,0,1200000
atp-stage2,MIN,instance1-stage2,huub-free,S,1200000,8040477,10,10,361778.19785262767
atp-stage2,MIN,instance1-stage2,huub__difference_logic_-free,S,1200000,8081489,7,7,398849.2151319691
atp-stage2,MIN,instance1-stage2,jacop-free,S,1200000,8108830,5,5,423546.8062293734
atp-stage2,MIN,instance1-stage2,nucs-fd,S,1200000,7985080,16,19.5,316604.12846351
atp-stage2,MIN,instance1-stage2,or-tools_cp-sat-free,SC,27381,7985080,24.493831586585834,19.5,8415.819801036661
atp-stage2,MIN,instance1-stage2,or-tools_cp-sat-ls-free,S,1200000,8060380,9,9,429357.17038932914
atp-stage2,MIN,instance1-stage2,picatsat-free,SC,648107,7985080,20.771553484302,19.5,177672.3798668129
atp-stage2,MIN,instance1-stage2,pumpkin-free,SC,571323,7985080,20.942790974051654,19.5,144793.83286515705
atp-stage2,MIN,instance1-stage2,qiuqi-mixsolver-free,S,1200000,8003039,11,11,342394.34638900834
atp-stage2,MIN,instance1-stage2,sabori_csp-free,S,1200000,7997170,13,13,320324.0106069102
atp-stage2,MIN,instance1-stage2,scip-free,S,1200000,7985080,16,19.5,305648.0121319906
atp-stage2,MIN,instance1-stage2,sicstus_prolog-free,S,1200000,8001651,12,12,317824.6706447347
atp-stage2,MIN,instance1-stage2,thornbill-free,S,1200000,8078326,8,8,619817.1938016816
atp-stage2,MIN,instance1-stage2,yuck-free,UNK,1200000, ,0,0,1200000
atp-stage2,MIN,instance2-stage2,atlantis-free,UNK,1200000, ,0,0,1200000
atp-stage2,MIN,instance2-stage2,cbc-free,UNK,1200000, ,0,0,1200000
atp-stage2,MIN,instance2-stage2,choco-solver__cp_-free,S,1200000,1307137,22,22,305461.29370840674
atp-stage2,MIN,instance2-stage2,choco-solver__cp_lcg_-free,S,1200000,1307137,22,22,308000.0582618032
atp-stage2,MIN,instance2-stage2,chuffed-free,S,1200000,2680653,6,6,805247.088323148
atp-stage2,MIN,instance2-stage2,cp_optimizer-free,S,1200000,1307137,22,22,301154.4062142005
atp-stage2,MIN,instance2-stage2,cplex-free,S,1200000,1307137,22,22,304721.0229761386
atp-stage2,MIN,instance2-stage2,crusher-free,UNK,1200000, ,0,0,1200000
atp-stage2,MIN,instance2-stage2,gecode-fd,S,1200000,1405215,13,13,344522.5245411385
atp-stage2,MIN,instance2-stage2,gecode___scheduling_portfolio__experimental_-free,S,1200000,1517715,11,11,383509.79938107193
atp-stage2,MIN,instance2-stage2,gurobi_12-free,S,1200000,1307137,22,22,301749.8404222132
atp-stage2,MIN,instance2-stage2,highs-free,ERR, , ,0,0,1200000
atp-stage2,MIN,instance2-stage2,huub-free,S,1200000,2065447,7,7,581582.6776708019
atp-stage2,MIN,instance2-stage2,huub__difference_logic_-free,S,1200000,2050484,8,8,581650.7373997923
atp-stage2,MIN,instance2-stage2,jacop-free,S,1200000,1547306,10,10,390090.6769983597
atp-stage2,MIN,instance2-stage2,nucs-fd,UNK,1200000, ,0,0,1200000
atp-stage2,MIN,instance2-stage2,or-tools_cp-sat-free,S,1200000,1307137,22,22,302045.5162734574
atp-stage2,MIN,instance2-stage2,or-tools_cp-sat-ls-free,S,1200000,1340415,16,16,479123.00833258394
atp-stage2,MIN,instance2-stage2,picatsat-free,S,1200000,1368099,14,14,327028.4224496962
atp-stage2,MIN,instance2-stage2,pumpkin-free,S,1200000,1307137,22,22,305849.1092395607
atp-stage2,MIN,instance2-stage2,qiuqi-mixsolver-free,S,1200000,1362244,15,15,345684.4480790178
atp-stage2,MIN,instance2-stage2,sabori_csp-free,S,1200000,1323875,18,18,341623.1440810125
atp-stage2,MIN,instance2-stage2,scip-free,S,1200000,1433955,12,12,362438.8010232197
atp-stage2,MIN,instance2-stage2,sicstus_prolog-free,S,1200000,1333804,17,17,366750.1022524732
atp-stage2,MIN,instance2-stage2,thornbill-free,S,1200000,1663406,9,9,433940.2676287497
atp-stage2,MIN,instance2-stage2,yuck-free,UNK,1200000, ,0,0,1200000
atp-stage2,MIN,instance5-stage2,atlantis-free,UNK,1200000, ,0,0,1200000
atp-stage2,MIN,instance5-stage2,cbc-free,S,1200000,1017220,9,9,478638.3632982021
atp-stage2,MIN,instance5-stage2,choco-solver__cp_-free,SC,50431,1004380,19.422435308432476,18,15456.095164290142
atp-stage2,MIN,instance5-stage2,choco-solver__cp_lcg_-free,SC,671030,1004380,15.126100495782259,18,172921.54107253565
atp-stage2,MIN,instance5-stage2,chuffed-free,S,1200000,1141201,4,4,727211.3756380447
atp-stage2,MIN,instance5-stage2,cp_optimizer-free,SC,3453,1004380,23.94590738037738,18,1732.316881070469
atp-stage2,MIN,instance5-stage2,cplex-free,SC,35452,1004380,20.150313683238874,18,10250.889956602603
atp-stage2,MIN,instance5-stage2,crusher-free,UNK,1200000, ,0,0,1200000
atp-stage2,MIN,instance5-stage2,gecode-fd,SC,34591,1004380,20.208865766020338,18,11117.314631122134
atp-stage2,MIN,instance5-stage2,gecode___scheduling_portfolio__experimental_-free,S,1200000,1004380,12,18,342528.541382517
atp-stage2,MIN,instance5-stage2,gurobi_12-free,SC,57245,1004380,19.154555401660236,18,15550.981091134532
atp-stage2,MIN,instance5-stage2,highs-free,SC,274033,1004380,16.298641381320245,18,71305.11304246745
atp-stage2,MIN,instance5-stage2,huub-free,S,1200000,1060840,5,5,492119.0461174824
atp-stage2,MIN,instance5-stage2,huub__difference_logic_-free,S,1200000,1056904,6,6,480291.29165375116
atp-stage2,MIN,instance5-stage2,jacop-free,S,1200000,1023640,8,8,361900.4713267204
atp-stage2,MIN,instance5-stage2,nucs-fd,UNK,1200000, ,0,0,1200000
atp-stage2,MIN,instance5-stage2,or-tools_cp-sat-free,SC,3463,1004380,23.94590738037738,18,2253.2791434180617
atp-stage2,MIN,instance5-stage2,or-tools_cp-sat-ls-free,S,1200000,1004380,12,18,360543.43173951213
atp-stage2,MIN,instance5-stage2,picatsat-free,SC,42816,1004380,19.779359354590127,18,14348.327097540816
atp-stage2,MIN,instance5-stage2,pumpkin-free,SC,16212,1004380,21.646264360796717,18,5270.084477681338
atp-stage2,MIN,instance5-stage2,qiuqi-mixsolver-free,S,1200000,1004380,12,18,308029.18043242407
atp-stage2,MIN,instance5-stage2,sabori_csp-free,S,1200000,1015912,10,10,348687.00779086584
atp-stage2,MIN,instance5-stage2,scip-free,SC,70216,1004380,18.738197633867294,18,20100.484810911345
atp-stage2,MIN,instance5-stage2,sicstus_prolog-free,SC,457408,1004380,15.583451853536683,18,116578.70350278984
atp-stage2,MIN,instance5-stage2,thornbill-free,S,1200000,1053337,7,7,491384.8323646412
atp-stage2,MIN,instance5-stage2,yuck-free,UNK,1200000, ,0,0,1200000
atp-stage2,MIN,instance6-stage2,atlantis-free,ERR, , ,0,0,1200000
atp-stage2,MIN,instance6-stage2,cbc-free,SC,1207,726404,14.873809523809525,13,1177.75
atp-stage2,MIN,instance6-stage2,choco-solver__cp_-free,SC,3342,726404,8.95952380952381,13,3342
atp-stage2,MIN,instance6-stage2,choco-solver__cp_lcg_-free,SC,4117,726404,7.661904761904765,13,4114.75
atp-stage2,MIN,instance6-stage2,chuffed-free,SC,1501,726404,14.873809523809525,13,1470.25
atp-stage2,MIN,instance6-stage2,cp_optimizer-free,SC,1283,726404,14.873809523809525,13,1281.5
atp-stage2,MIN,instance6-stage2,cplex-free,SC,1363,726404,14.873809523809525,13,1333
atp-stage2,MIN,instance6-stage2,crusher-free,SC,1431,726404,14.873809523809525,13,1431
atp-stage2,MIN,instance6-stage2,gecode-fd,SC,1314,726404,14.873809523809525,13,1281
atp-stage2,MIN,instance6-stage2,gecode___scheduling_portfolio__experimental_-free,SC,1692,726404,14.873809523809525,13,1692
atp-stage2,MIN,instance6-stage2,gurobi_12-free,SC,1224,726404,14.873809523809525,13,1224
atp-stage2,MIN,instance6-stage2,highs-free,SC,1224,726404,14.873809523809525,13,1194.75
atp-stage2,MIN,instance6-stage2,huub-free,SC,1266,726404,14.873809523809525,13,1264.5
atp-stage2,MIN,instance6-stage2,huub__difference_logic_-free,SC,1434,726404,14.873809523809525,13,1404
atp-stage2,MIN,instance6-stage2,jacop-free,SC,2251,726404,11.016666666666666,13,2221
atp-stage2,MIN,instance6-stage2,nucs-fd,SC,6537,726404,6.097619047619049,13,6456
atp-stage2,MIN,instance6-stage2,or-tools_cp-sat-free,SC,1936,726404,14.873809523809525,13,1905.25
atp-stage2,MIN,instance6-stage2,or-tools_cp-sat-ls-free,SC,1752,726404,14.873809523809525,13,1721.25
atp-stage2,MIN,instance6-stage2,picatsat-free,SC,1179,726404,14.873809523809525,13,1179
atp-stage2,MIN,instance6-stage2,pumpkin-free,SC,1436,726404,14.873809523809525,13,1403.75
atp-stage2,MIN,instance6-stage2,qiuqi-mixsolver-free,S,1200000,726404,1,13,300984.75
atp-stage2,MIN,instance6-stage2,sabori_csp-free,SC,1224,726404,14.873809523809525,13,1194
atp-stage2,MIN,instance6-stage2,scip-free,SC,1700,726404,14.873809523809525,13,1668.5
atp-stage2,MIN,instance6-stage2,sicstus_prolog-free,SC,1434,726404,14.873809523809525,13,1402.5
atp-stage2,MIN,instance6-stage2,thornbill-free,SC,1377,726404,14.873809523809525,13,1347
atp-stage2,MIN,instance6-stage2,yuck-free,SC,4016,726404,7.661904761904764,13,4016
atp-stage2,MIN,instance9-stage2,atlantis-free,UNK,1200000, ,0,0,1200000
atp-stage2,MIN,instance9-stage2,cbc-free,UNK,1200000, ,0,0,1200000
atp-stage2,MIN,instance9-stage2,choco-solver__cp_-free,S,1200000,303249494,16,16,517669.33218961617
atp-stage2,MIN,instance9-stage2,choco-solver__cp_lcg_-free,S,1200000,287698378,17,17,516034.10141761025
atp-stage2,MIN,instance9-stage2,chuffed-free,S,1200000,279994607,24,24,653002.086911675
atp-stage2,MIN,instance9-stage2,cp_optimizer-free,S,1200000,283661497,20,20,411371.2886217954
atp-stage2,MIN,instance9-stage2,cplex-free,UNK,1200000, ,0,0,1200000
atp-stage2,MIN,instance9-stage2,crusher-free,ERR, , ,0,0,1200000
atp-stage2,MIN,instance9-stage2,gecode-fd,S,1200000,282820307,22.5,22.5,411217.0197799576
atp-stage2,MIN,instance9-stage2,gecode___scheduling_portfolio__experimental_-free,S,1200000,282820307,22.5,22.5,449804.76340301207
atp-stage2,MIN,instance9-stage2,gurobi_12-free,S,1200000,282834636,21,21,419602.5323771492
atp-stage2,MIN,instance9-stage2,highs-free,UNK,1200000, ,0,0,1200000
atp-stage2,MIN,instance9-stage2,huub-free,S,1200000,313587386,14,14,549614.5006535238
atp-stage2,MIN,instance9-stage2,huub__difference_logic_-free,S,1200000,284022695,19,19,425134.7990971781
atp-stage2,MIN,instance9-stage2,jacop-free,S,1200000,308980798,15,15,539763.7613378044
atp-stage2,MIN,instance9-stage2,nucs-fd,UNK,1200000, ,0,0,1200000
atp-stage2,MIN,instance9-stage2,or-tools_cp-sat-free,S,1200000,262177394,25,25,340842.32088972646
atp-stage2,MIN,instance9-stage2,or-tools_cp-sat-ls-free,UNK,1200000, ,0,0,1200000
atp-stage2,MIN,instance9-stage2,picatsat-free,S,1200000,387669372,10,10,974561.75
atp-stage2,MIN,instance9-stage2,pumpkin-free,S,1200000,327251383,11,11,616443.7305435934
atp-stage2,MIN,instance9-stage2,qiuqi-mixsolver-free,UNK,1200000, ,0,0,1200000
atp-stage2,MIN,instance9-stage2,sabori_csp-free,UNK,1200000, ,0,0,1200000
atp-stage2,MIN,instance9-stage2,scip-free,S,1200000,323010718,12,12,1095100.1892887927
atp-stage2,MIN,instance9-stage2,sicstus_prolog-free,S,1200000,320974978,13,13,589056.328077417
atp-stage2,MIN,instance9-stage2,thornbill-free,S,1200000,285644147,18,18,481725.60126350867
atp-stage2,MIN,instance9-stage2,yuck-free,UNK,1200000, ,0,0,1200000
community-detection-2021,MAX,rnd_n100_e1000_s50_d30_c8_p70,atlantis-free,ERR, , ,0,0,1200000
community-detection-2021,MAX,rnd_n100_e1000_s50_d30_c8_p70,cbc-free,S,1200000,310272,8,8,861086.6066742056
community-detection-2021,MAX,rnd_n100_e1000_s50_d30_c8_p70,choco-solver__cp_-free,S,1200000,725427,22,22.5,331607.56453708955
community-detection-2021,MAX,rnd_n100_e1000_s50_d30_c8_p70,choco-solver__cp_lcg_-free,S,1200000,652530,18,18,386561.00827249355
community-detection-2021,MAX,rnd_n100_e1000_s50_d30_c8_p70,chuffed-free,S,1200000,333649,11,11,654700.3814449053
community-detection-2021,MAX,rnd_n100_e1000_s50_d30_c8_p70,cp_optimizer-free,S,1200000,690008,19,19,351947.2243566698
community-detection-2021,MAX,rnd_n100_e1000_s50_d30_c8_p70,cplex-free,S,1200000,631729,17,17,404536.670862464
community-detection-2021,MAX,rnd_n100_e1000_s50_d30_c8_p70,crusher-free,S,1200000,725427,22,22.5,315404.0354857484
community-detection-2021,MAX,rnd_n100_e1000_s50_d30_c8_p70,gecode-fd,S,1200000,83456,6,6,868844.166020451
community-detection-2021,MAX,rnd_n100_e1000_s50_d30_c8_p70,gecode___scheduling_portfolio__experimental_-free,S,1200000,83456,6,6,868785.1195820656
community-detection-2021,MAX,rnd_n100_e1000_s50_d30_c8_p70,gurobi_12-free,SC,1113662,725427,25,22.5,284768.07675723266
community-detection-2021,MAX,rnd_n100_e1000_s50_d30_c8_p70,highs-free,S,1200000,627870,16,16,481664.78227480676
community-detection-2021,MAX,rnd_n100_e1000_s50_d30_c8_p70,huub-free,S,1200000,326183,9.5,9.5,809147.6492201947
community-detection-2021,MAX,rnd_n100_e1000_s50_d30_c8_p70,huub__difference_logic_-free,S,1200000,326183,9.5,9.5,812466.9263612521
community-detection-2021,MAX,rnd_n100_e1000_s50_d30_c8_p70,jacop-free,S,1200000,64374,1,1,885539.2731282093
community-detection-2021,MAX,rnd_n100_e1000_s50_d30_c8_p70,nucs-fd,S,1200000,79432,4,4,876110.5885589255
community-detection-2021,MAX,rnd_n100_e1000_s50_d30_c8_p70,or-tools_cp-sat-free,S,1200000,506815,14,14,526632.8870273097
community-detection-2021,MAX,rnd_n100_e1000_s50_d30_c8_p70,or-tools_cp-sat-ls-free,S,1200000,725427,22,22.5,307769.6789975615
community-detection-2021,MAX,rnd_n100_e1000_s50_d30_c8_p70,picatsat-free,S,1200000,66716,2,2,883466.1658182247
community-detection-2021,MAX,rnd_n100_e1000_s50_d30_c8_p70,pumpkin-free,S,1200000,346037,12,12,749242.8465680463
community-detection-2021,MAX,rnd_n100_e1000_s50_d30_c8_p70,qiuqi-mixsolver-free,S,1200000,725427,22,22.5,311458.6170743117
community-detection-2021,MAX,rnd_n100_e1000_s50_d30_c8_p70,sabori_csp-free,S,1200000,623228,15,15,490221.84331732214
community-detection-2021,MAX,rnd_n100_e1000_s50_d30_c8_p70,scip-free,S,1200000,409801,13,13,646113.7121328432
community-detection-2021,MAX,rnd_n100_e1000_s50_d30_c8_p70,sicstus_prolog-free,S,1200000,83456,6,6,868882.7237956667
community-detection-2021,MAX,rnd_n100_e1000_s50_d30_c8_p70,thornbill-free,S,1200000,73865,3,3,877771.8375507408
community-detection-2021,MAX,rnd_n100_e1000_s50_d30_c8_p70,yuck-free,S,1200000,725427,22,22.5,308462.64780682046
community-detection-2021,MAX,rnd_n100_e5000_s100_d70_c4_p90,atlantis-free,ERR, , ,0,0,1200000
community-detection-2021,MAX,rnd_n100_e5000_s100_d70_c4_p90,cbc-free,SC,4179,2728989,16.573236191071246,13,4067.25
community-detection-2021,MAX,rnd_n100_e5000_s100_d70_c4_p90,choco-solver__cp_-free,SC,7208,2728989,14.302906319869283,13,6429.843193909493
community-detection-2021,MAX,rnd_n100_e5000_s100_d70_c4_p90,choco-solver__cp_lcg_-free,SC,11982,2728989,12.603362539044172,13,7235.208959495377
community-detection-2021,MAX,rnd_n100_e5000_s100_d70_c4_p90,chuffed-free,SC,7073,2728989,14.302906319869283,13,3936.017396849116
community-detection-2021,MAX,rnd_n100_e5000_s100_d70_c4_p90,cp_optimizer-free,SC,2300,2728989,19.333386580003122,13,2299.25
community-detection-2021,MAX,rnd_n100_e5000_s100_d70_c4_p90,cplex-free,SC,2659,2728989,19.333386580003122,13,2618.432968349457
community-detection-2021,MAX,rnd_n100_e5000_s100_d70_c4_p90,crusher-free,S,1200000,2728989,3,13,308593.13096287043
community-detection-2021,MAX,rnd_n100_e5000_s100_d70_c4_p90,gecode-fd,SC,2603,2728989,19.333386580003122,13,2417.646665335549
community-detection-2021,MAX,rnd_n100_e5000_s100_d70_c4_p90,gecode___scheduling_portfolio__experimental_-free,SC,3722,2728989,17.748409375712008,13,3570.8925833129365
community-detection-2021,MAX,rnd_n100_e5000_s100_d70_c4_p90,gurobi_12-free,SC,2467,2728989,19.333386580003122,13,2454.2328594983833
community-detection-2021,MAX,rnd_n100_e5000_s100_d70_c4_p90,highs-free,SC,5018,2728989,15.656944295870163,13,4987.25
community-detection-2021,MAX,rnd_n100_e5000_s100_d70_c4_p90,huub-free,SC,3817,2728989,17.748409375712008,13,2712.2729327957336
community-detection-2021,MAX,rnd_n100_e5000_s100_d70_c4_p90,huub__difference_logic_-free,SC,3988,2728989,17.748409375712008,13,2822.171731139995
community-detection-2021,MAX,rnd_n100_e5000_s100_d70_c4_p90,jacop-free,S,1200000,2728989,3,13,322318.2966968959
community-detection-2021,MAX,rnd_n100_e5000_s100_d70_c4_p90,nucs-fd,SC,16587,2728989,11.345560239738646,13,11430.261011778242
community-detection-2021,MAX,rnd_n100_e5000_s100_d70_c4_p90,or-tools_cp-sat-free,SC,3171,2728989,17.748409375712008,13,3146.442848677685
community-detection-2021,MAX,rnd_n100_e5000_s100_d70_c4_p90,or-tools_cp-sat-ls-free,S,1200000,2728989,3,13,302377.9203837054
community-detection-2021,MAX,rnd_n100_e5000_s100_d70_c4_p90,picatsat-free,SC,96085,2728989,7.430622471101078,13,41595.28957241066
community-detection-2021,MAX,rnd_n100_e5000_s100_d70_c4_p90,pumpkin-free,SC,12021,2728989,12.297798951769876,13,6856.65919780838
community-detection-2021,MAX,rnd_n100_e5000_s100_d70_c4_p90,qiuqi-mixsolver-free,S,1200000,2728989,3,13,303384.75
community-detection-2021,MAX,rnd_n100_e5000_s100_d70_c4_p90,sabori_csp-free,SC,93040,2728989,7.474320354046436,13,28854.1114375212
community-detection-2021,MAX,rnd_n100_e5000_s100_d70_c4_p90,scip-free,SC,2999,2728989,19.333386580003122,13,2957.782591557279
community-detection-2021,MAX,rnd_n100_e5000_s100_d70_c4_p90,sicstus_prolog-free,SC,3423,2728989,17.748409375712008,13,3229.612545784006
community-detection-2021,MAX,rnd_n100_e5000_s100_d70_c4_p90,thornbill-free,SC,11961,2728989,12.603362539044173,13,5573.984345412154
community-detection-2021,MAX,rnd_n100_e5000_s100_d70_c4_p90,yuck-free,S,1200000,2728989,3,13,307481.81111912645
community-detection-2021,MAX,rnd_n100_e50_s10_d5_c9_p70,atlantis-free,ERR, , ,0,0,1200000
community-detection-2021,MAX,rnd_n100_e50_s10_d5_c9_p70,cbc-free,S,1200000,1783,7,7,1100130.2115266076
community-detection-2021,MAX,rnd_n100_e50_s10_d5_c9_p70,choco-solver__cp_-free,S,1200000,4249,12,12,328462.160006164
community-detection-2021,MAX,rnd_n100_e50_s10_d5_c9_p70,choco-solver__cp_lcg_-free,S,1200000,4266,14,14,324937.0935381138
community-detection-2021,MAX,rnd_n100_e50_s10_d5_c9_p70,chuffed-free,SC,12857,4360,24.463120570129988,21,4885.43949044586
community-detection-2021,MAX,rnd_n100_e50_s10_d5_c9_p70,cp_optimizer-free,SC,257417,4360,20.670531483312395,21,66427.39382576536
community-detection-2021,MAX,rnd_n100_e50_s10_d5_c9_p70,cplex-free,S,1200000,3962,9,9,360856.4165810561
community-detection-2021,MAX,rnd_n100_e50_s10_d5_c9_p70,crusher-free,S,1200000,4175,11,11,326930.51505033905
community-detection-2021,MAX,rnd_n100_e50_s10_d5_c9_p70,gecode-fd,S,1200000,367,3.5,3.5,795219.4944524348
community-detection-2021,MAX,rnd_n100_e50_s10_d5_c9_p70,gecode___scheduling_portfolio__experimental_-free,S,1200000,367,3.5,3.5,795777.3212964865
community-detection-2021,MAX,rnd_n100_e50_s10_d5_c9_p70,gurobi_12-free,SC,170003,4360,21.309377442234783,21,51610.509245942056
community-detection-2021,MAX,rnd_n100_e50_s10_d5_c9_p70,highs-free,S,1200000,4079,10,10,376002.74481199915
community-detection-2021,MAX,rnd_n100_e50_s10_d5_c9_p70,huub-free,SC,561099,4360,19.549333266389098,21,249104.68461064307
community-detection-2021,MAX,rnd_n100_e50_s10_d5_c9_p70,huub__difference_logic_-free,SC,546747,4360,19.58477278630503,21,244348.09502773779
community-detection-2021,MAX,rnd_n100_e50_s10_d5_c9_p70,jacop-free,S,1200000,232,1,1,809999.4344051777
community-detection-2021,MAX,rnd_n100_e50_s10_d5_c9_p70,nucs-fd,S,1200000,367,3.5,3.5,807977.6885658517
community-detection-2021,MAX,rnd_n100_e50_s10_d5_c9_p70,or-tools_cp-sat-free,SC,44907,4360,23.21872673015829,21,17308.15281487569
community-detection-2021,MAX,rnd_n100_e50_s10_d5_c9_p70,or-tools_cp-sat-ls-free,S,1200000,4360,17,21,306969.2177419355
community-detection-2021,MAX,rnd_n100_e50_s10_d5_c9_p70,picatsat-free,SC,214765,4360,20.952648548622623,21,62367.617423464144
community-detection-2021,MAX,rnd_n100_e50_s10_d5_c9_p70,pumpkin-free,SC,91250,4360,22.25148917284779,21,33952.15584549004
community-detection-2021,MAX,rnd_n100_e50_s10_d5_c9_p70,qiuqi-mixsolver-free,S,1200000,4356,16,16,317820.0115574276
community-detection-2021,MAX,rnd_n100_e50_s10_d5_c9_p70,sabori_csp-free,S,1200000,4308,15,15,330326.57129648654
community-detection-2021,MAX,rnd_n100_e50_s10_d5_c9_p70,scip-free,S,1200000,3308,8,8,544379.4533079925
community-detection-2021,MAX,rnd_n100_e50_s10_d5_c9_p70,sicstus_prolog-free,S,1200000,373,6,6,795189.4374871585
community-detection-2021,MAX,rnd_n100_e50_s10_d5_c9_p70,thornbill-free,S,1200000,367,3.5,3.5,793238.8495993426
community-detection-2021,MAX,rnd_n100_e50_s10_d5_c9_p70,yuck-free,S,1200000,4252,13,13,325173.6998664475
community-detection-2021,MAX,rnd_n100_e50_s50_d30_c10_p50,atlantis-free,ERR, , ,0,0,1200000
community-detection-2021,MAX,rnd_n100_e50_s50_d30_c10_p50,cbc-free,S,1200000,2494,7,7,586513.2993135839
community-detection-2021,MAX,rnd_n100_e50_s50_d30_c10_p50,choco-solver__cp_-free,S,1200000,2965,16.5,20,316524.33598265896
community-detection-2021,MAX,rnd_n100_e50_s50_d30_c10_p50,choco-solver__cp_lcg_-free,S,1200000,2964,14,14,308916.5514812139
community-detection-2021,MAX,rnd_n100_e50_s50_d30_c10_p50,chuffed-free,SC,282612,2965,21.386938633014648,20,75493.12229046243
community-detection-2021,MAX,rnd_n100_e50_s50_d30_c10_p50,cp_optimizer-free,S,1200000,2965,16.5,20,301422.6273482659
community-detection-2021,MAX,rnd_n100_e50_s50_d30_c10_p50,cplex-free,S,1200000,2767,9,9,350096.1943641619
community-detection-2021,MAX,rnd_n100_e50_s50_d30_c10_p50,crusher-free,S,1200000,2932,12,12,311666.4311777457
community-detection-2021,MAX,rnd_n100_e50_s50_d30_c10_p50,gecode-fd,S,1200000,892,3.5,3.5,753215.579299133
community-detection-2021,MAX,rnd_n100_e50_s50_d30_c10_p50,gecode___scheduling_portfolio__experimental_-free,S,1200000,892,3.5,3.5,753866.0247471097
community-detection-2021,MAX,rnd_n100_e50_s50_d30_c10_p50,gurobi_12-free,SC,87398,2965,22.96025782308126,20,26034.030888728324
community-detection-2021,MAX,rnd_n100_e50_s50_d30_c10_p50,highs-free,S,1200000,2894,11,11,363113.29371387284
community-detection-2021,MAX,rnd_n100_e50_s50_d30_c10_p50,huub-free,SC,182037,2965,21.996164544526877,20,85006.56611271677
community-detection-2021,MAX,rnd_n100_e50_s50_d30_c10_p50,huub__difference_logic_-free,SC,191092,2965,21.92935986341385,20,90077.5467846821
community-detection-2021,MAX,rnd_n100_e50_s50_d30_c10_p50,jacop-free,S,1200000,591,1,1,815660.1163294797
community-detection-2021,MAX,rnd_n100_e50_s50_d30_c10_p50,nucs-fd,S,1200000,709,2,2,794914.4490606936
community-detection-2021,MAX,rnd_n100_e50_s50_d30_c10_p50,or-tools_cp-sat-free,SC,11629,2965,24.698040655943764,20,5091.378432080925
community-detection-2021,MAX,rnd_n100_e50_s50_d30_c10_p50,or-tools_cp-sat-ls-free,S,1200000,2965,16.5,20,303032.9425578035
community-detection-2021,MAX,rnd_n100_e50_s50_d30_c10_p50,picatsat-free,SC,746943,2965,20.14736717931225,20,197936.36054913295
community-detection-2021,MAX,rnd_n100_e50_s50_d30_c10_p50,pumpkin-free,SC,409723,2965,20.881871300707353,20,104182.99692919075
community-detection-2021,MAX,rnd_n100_e50_s50_d30_c10_p50,qiuqi-mixsolver-free,S,1200000,2965,16.5,20,305041.92575867055
community-detection-2021,MAX,rnd_n100_e50_s50_d30_c10_p50,sabori_csp-free,S,1200000,2884,10,10,325529.1371026012
community-detection-2021,MAX,rnd_n100_e50_s50_d30_c10_p50,scip-free,S,1200000,2683,8,8,447167.0713511561
community-detection-2021,MAX,rnd_n100_e50_s50_d30_c10_p50,sicstus_prolog-free,S,1200000,2360,6,6,446713.5249277457
community-detection-2021,MAX,rnd_n100_e50_s50_d30_c10_p50,thornbill-free,S,1200000,1273,5,5,667574.18533237
community-detection-2021,MAX,rnd_n100_e50_s50_d30_c10_p50,yuck-free,S,1200000,2938,13,13,312146.02980491327
community-detection-2021,MAX,rnd_n50_e100_s10_d5_c7_p90,atlantis-free,ERR, , ,0,0,1200000
community-detection-2021,MAX,rnd_n50_e100_s10_d5_c7_p90,cbc-free,S,1200000,8253,8,8,420338.19358140026
community-detection-2021,MAX,rnd_n50_e100_s10_d5_c7_p90,choco-solver__cp_-free,S,1200000,8619,15.5,19,305396.6767083027
community-detection-2021,MAX,rnd_n50_e100_s10_d5_c7_p90,choco-solver__cp_lcg_-free,S,1200000,8618,11.5,11.5,306417.81772856094
community-detection-2021,MAX,rnd_n50_e100_s10_d5_c7_p90,chuffed-free,SC,424819,8619,20.4559762287208,19,125924.42508134774
community-detection-2021,MAX,rnd_n50_e100_s10_d5_c7_p90,cp_optimizer-free,S,1200000,8619,15.5,19,301368.23811273224
community-detection-2021,MAX,rnd_n50_e100_s10_d5_c7_p90,cplex-free,S,1200000,8619,15.5,19,327651.86304712924
community-detection-2021,MAX,rnd_n50_e100_s10_d5_c7_p90,crusher-free,S,1200000,8276,9,9,324439.15831321507
community-detection-2021,MAX,rnd_n50_e100_s10_d5_c7_p90,gecode-fd,S,1200000,1151,4.5,4.5,775448.5721108429
community-detection-2021,MAX,rnd_n50_e100_s10_d5_c7_p90,gecode___scheduling_portfolio__experimental_-free,S,1200000,1151,4.5,4.5,775709.0308334208
community-detection-2021,MAX,rnd_n50_e100_s10_d5_c7_p90,gurobi_12-free,SC,157438,8619,21.88220005310307,19,45263.945497008506
community-detection-2021,MAX,rnd_n50_e100_s10_d5_c7_p90,highs-free,S,1200000,8619,15.5,19,320909.5756796473
community-detection-2021,MAX,rnd_n50_e100_s10_d5_c7_p90,huub-free,SC,161133,8619,21.844577927640692,19,48770.88367271964
community-detection-2021,MAX,rnd_n50_e100_s10_d5_c7_p90,huub__difference_logic_-free,SC,167635,8619,21.789792938409697,19,50725.33457541723
community-detection-2021,MAX,rnd_n50_e100_s10_d5_c7_p90,jacop-free,S,1200000,1144,3,3,781193.7230502781
community-detection-2021,MAX,rnd_n50_e100_s10_d5_c7_p90,nucs-fd,S,1200000,1016,1.5,1.5,782134.9174976384
community-detection-2021,MAX,rnd_n50_e100_s10_d5_c7_p90,or-tools_cp-sat-free,SC,11575,8619,24.66342488019585,19,4855.551695182114
community-detection-2021,MAX,rnd_n50_e100_s10_d5_c7_p90,or-tools_cp-sat-ls-free,S,1200000,8619,15.5,19,303249.21719848854
community-detection-2021,MAX,rnd_n50_e100_s10_d5_c7_p90,picatsat-free,SC,244238,8619,21.224309718879624,19,68136.1783614989
community-detection-2021,MAX,rnd_n50_e100_s10_d5_c7_p90,pumpkin-free,SC,132234,8619,22.13971825305026,19,34510.669544452605
community-detection-2021,MAX,rnd_n50_e100_s10_d5_c7_p90,qiuqi-mixsolver-free,S,1200000,8619,15.5,19,305604.62322871835
community-detection-2021,MAX,rnd_n50_e100_s10_d5_c7_p90,sabori_csp-free,S,1200000,8602,10,10,305726.50131206046
community-detection-2021,MAX,rnd_n50_e100_s10_d5_c7_p90,scip-free,S,1200000,7631,7,7,431498.31030229875
community-detection-2021,MAX,rnd_n50_e100_s10_d5_c7_p90,sicstus_prolog-free,S,1200000,1159,6,6,773479.5771753963
community-detection-2021,MAX,rnd_n50_e100_s10_d5_c7_p90,thornbill-free,S,1200000,1016,1.5,1.5,779857.885352157
community-detection-2021,MAX,rnd_n50_e100_s10_d5_c7_p90,yuck-free,S,1200000,8618,11.5,11.5,306594.2539886638
filters,MIN,ar_4_2,atlantis-free,S,1200000,72,2,2,709369.0060240964
filters,MIN,ar_4_2,cbc-free,UNK,1200000, ,0,0,1200000
filters,MIN,ar_4_2,choco-solver__cp_-free,SC,5395,18,16.710390981187466,15.5,5083.120481927712
filters,MIN,ar_4_2,choco-solver__cp_lcg_-free,SC,250800,18,12.517341553403847,15.5,65796.03313253012
filters,MIN,ar_4_2,chuffed-free,SC,1887,18,20.72456041164736,15.5,1712.2801204819277
filters,MIN,ar_4_2,cp_optimizer-free,SC,1600,18,20.72456041164736,15.5,1594.9186746987953
filters,MIN,ar_4_2,cplex-free,S,1200000,18,8,15.5,301354.2530120482
filters,MIN,ar_4_2,crusher-free,S,1200000,18,8,15.5,301097.2560240964
filters,MIN,ar_4_2,gecode-fd,SC,1362,18,20.72456041164736,15.5,1362
filters,MIN,ar_4_2,gecode___scheduling_portfolio__experimental_-free,SC,1999,18,20.72456041164736,15.5,1978.9066265060242
filters,MIN,ar_4_2,gurobi_12-free,SC,380820,18,12.199407013712399,15.5,96508.35240963855
filters,MIN,ar_4_2,highs-free,S,1200000,18,8,15.5,301822.7680722892
filters,MIN,ar_4_2,huub-free,SC,1843,18,20.72456041164736,15.5,1545.262048192771
filters,MIN,ar_4_2,huub__difference_logic_-free,SC,1888,18,20.72456041164736,15.5,1511.5060240963855
filters,MIN,ar_4_2,jacop-free,SC,7562,18,16.048325761567337,15.5,3638.132530120482
filters,MIN,ar_4_2,nucs-fd,UNK,1200000, ,0,0,1200000
filters,MIN,ar_4_2,or-tools_cp-sat-free,SC,2713,18,18.893612523407583,15.5,2099.930722891567
filters,MIN,ar_4_2,or-tools_cp-sat-ls-free,S,1200000,18,8,15.5,301761.75
filters,MIN,ar_4_2,picatsat-free,SC,1951,18,20.72456041164736,15.5,1591.7078313253012
filters,MIN,ar_4_2,pumpkin-free,SC,6650,18,16.341068640924984,15.5,2805.6024096385545
filters,MIN,ar_4_2,qiuqi-mixsolver-free,S,1200000,18,8,15.5,303411.75
filters,MIN,ar_4_2,sabori_csp-free,SC,1542,18,20.72456041164736,15.5,1527.5240963855424
filters,MIN,ar_4_2,scip-free,SC,1026477,18,11.493370232617522,15.5,258432.57228915664
filters,MIN,ar_4_2,sicstus_prolog-free,S,1200000,34,3.5,3.5,416777.8614457832
filters,MIN,ar_4_2,thornbill-free,S,1200000,34,3.5,3.5,417533.4608433735
filters,MIN,ar_4_2,yuck-free,S,1200000,19,5,5,312255.4126506024
filters,MIN,dct_3_3,atlantis-free,S,1200000,78,2,2,746752.396551724
filters,MIN,dct_3_3,cbc-free,UNK,1200000, ,0,0,1200000
filters,MIN,dct_3_3,choco-solver__cp_-free,SC,6080,14,24.760966264382574,16,5819.479885057472
filters,MIN,dct_3_3,choco-solver__cp_lcg_-free,S,1200000,14,13,16,303490.5833333333
filters,MIN,dct_3_3,chuffed-free,S,1200000,14,13,16,301280.7959770115
filters,MIN,dct_3_3,cp_optimizer-free,SC,53266,14,23.226685457417044,16,14616.793103448275
filters,MIN,dct_3_3,cplex-free,S,1200000,14,13,16,302609.1005747126
filters,MIN,dct_3_3,crusher-free,S,1200000,14,13,16,301036.5201149425
filters,MIN,dct_3_3,gecode-fd,S,1200000,14,13,16,300858.75
filters,MIN,dct_3_3,gecode___scheduling_portfolio__experimental_-free,S,1200000,14,13,16,301464
filters,MIN,dct_3_3,gurobi_12-free,S,1200000,14,13,16,301667.8477011494
filters,MIN,dct_3_3,highs-free,S,1200000,14,13,16,311701.5804597701
filters,MIN,dct_3_3,huub-free,SC,314946,14,21.342547479855707,16,80042.1724137931
filters,MIN,dct_3_3,huub__difference_logic_-free,SC,225243,14,21.694524651673845,16,57448.85632183908
filters,MIN,dct_3_3,jacop-free,S,1200000,34,5,5,440097.4971264368
filters,MIN,dct_3_3,nucs-fd,UNK,1200000, ,0,0,1200000
filters,MIN,dct_3_3,or-tools_cp-sat-free,SC,70041,14,22.951096865163898,16,19044
filters,MIN,dct_3_3,or-tools_cp-sat-ls-free,S,1200000,14,13,16,301326.4425287356
filters,MIN,dct_3_3,picatsat-free,SC,433731,14,21.024179281506928,16,114796.6091954023
filters,MIN,dct_3_3,pumpkin-free,S,1200000,14,13,16,301265.3936781609
filters,MIN,dct_3_3,qiuqi-mixsolver-free,S,1200000,14,13,16,303497.25
filters,MIN,dct_3_3,sabori_csp-free,S,1200000,14,13,16,300985.566091954
filters,MIN,dct_3_3,scip-free,S,1200000,14,13,16,303321.8045977012
filters,MIN,dct_3_3,sicstus_prolog-free,S,1200000,35,4,4,446010.2155172414
filters,MIN,dct_3_3,thornbill-free,S,1200000,38,3,3,467045.4655172414
filters,MIN,dct_3_3,yuck-free,S,1200000,18,6,6,332826.4712643678
filters,MIN,dct_4_3,atlantis-free,S,1200000,83,2,2,791716.525862069
filters,MIN,dct_4_3,cbc-free,UNK,1200000, ,0,0,1200000
filters,MIN,dct_4_3,choco-solver__cp_-free,SC,5438,14,24.74166023435626,15.5,4979.235632183908
filters,MIN,dct_4_3,choco-solver__cp_lcg_-free,S,1200000,14,12,15.5,303465.4051724138
filters,MIN,dct_4_3,chuffed-free,S,1200000,14,12,15.5,301377.4971264368
filters,MIN,dct_4_3,cp_optimizer-free,SC,160340,14,21.547409543820166,15.5,41370.16091954023
filters,MIN,dct_4_3,cplex-free,S,1200000,14,12,15.5,302421.3908045977
filters,MIN,dct_4_3,crusher-free,S,1200000,14,12,15.5,301254.6120689655
filters,MIN,dct_4_3,gecode-fd,S,1200000,14,12,15.5,301003.5
filters,MIN,dct_4_3,gecode___scheduling_portfolio__experimental_-free,S,1200000,14,12,15.5,301584.75
filters,MIN,dct_4_3,gurobi_12-free,S,1200000,14,12,15.5,301634.2068965517
filters,MIN,dct_4_3,highs-free,S,1200000,14,12,15.5,315464.5028735632
filters,MIN,dct_4_3,huub-free,SC,284471,14,20.801775381983674,15.5,72384.8275862069
filters,MIN,dct_4_3,huub__difference_logic_-free,SC,260062,14,20.913872748716546,15.5,66327.41666666667
filters,MIN,dct_4_3,jacop-free,SC,35823,14,23.351331675338105,15.5,15205.6091954023
filters,MIN,dct_4_3,nucs-fd,UNK,1200000, ,0,0,1200000
filters,MIN,dct_4_3,or-tools_cp-sat-free,SC,85096,14,22.36071908255263,15.5,22861.01724137931
filters,MIN,dct_4_3,or-tools_cp-sat-ls-free,S,1200000,14,12,15.5,301320.0459770115
filters,MIN,dct_4_3,picatsat-free,SC,437225,14,20.283231333232614,15.5,115581.89655172413
filters,MIN,dct_4_3,pumpkin-free,S,1200000,14,12,15.5,301258.5
filters,MIN,dct_4_3,qiuqi-mixsolver-free,S,1200000,14,12,15.5,303347.25
filters,MIN,dct_4_3,sabori_csp-free,S,1200000,14,12,15.5,301115.5890804598
filters,MIN,dct_4_3,scip-free,S,1200000,14,12,15.5,303423.8017241379
filters,MIN,dct_4_3,sicstus_prolog-free,S,1200000,35,4,4,445874.7844827586
filters,MIN,dct_4_3,thornbill-free,S,1200000,38,3,3,467057.9109195402
filters,MIN,dct_4_3,yuck-free,S,1200000,17,5,5,331843.1063218391
filters,MIN,ewf_1_3,atlantis-free,S,1200000,78,1,1,730975.8630136986
filters,MIN,ewf_1_3,cbc-free,S,1200000,29,2.5,2.5,309791.04452054796
filters,MIN,ewf_1_3,choco-solver__cp_-free,SC,5074,28,18.096783520778494,14.5,5047
filters,MIN,ewf_1_3,choco-solver__cp_lcg_-free,SC,592707,28,15.033613682794789,14.5,151326.75
filters,MIN,ewf_1_3,chuffed-free,SC,1991,28,21.548313659359188,14.5,1637
filters,MIN,ewf_1_3,cp_optimizer-free,SC,1599,28,21.548313659359188,14.5,1558.5205479452054
filters,MIN,ewf_1_3,cplex-free,S,1200000,28,9,14.5,301356.25
filters,MIN,ewf_1_3,crusher-free,S,1200000,29,2.5,2.5,309354.4623287671
filters,MIN,ewf_1_3,gecode-fd,S,1200000,28,9,14.5,301101
filters,MIN,ewf_1_3,gecode___scheduling_portfolio__experimental_-free,S,1200000,28,9,14.5,301407.75
filters,MIN,ewf_1_3,gurobi_12-free,S,1200000,28,9,14.5,301411.2020547945
filters,MIN,ewf_1_3,highs-free,S,1200000,28,9,14.5,301850.25
filters,MIN,ewf_1_3,huub-free,SC,1658,28,21.548313659359188,14.5,1435.25
filters,MIN,ewf_1_3,huub__difference_logic_-free,SC,1626,28,21.548313659359188,14.5,1374
filters,MIN,ewf_1_3,jacop-free,SC,2226,28,19.977585377585378,14.5,2199
filters,MIN,ewf_1_3,nucs-fd,ERR, , ,0,0,1200000
filters,MIN,ewf_1_3,or-tools_cp-sat-free,SC,1759,28,21.548313659359188,14.5,1759
filters,MIN,ewf_1_3,or-tools_cp-sat-ls-free,S,1200000,28,9,14.5,301493.33219178085
filters,MIN,ewf_1_3,picatsat-free,SC,4018,28,18.510748908064343,14.5,2057.02397260274
filters,MIN,ewf_1_3,pumpkin-free,SC,3561,28,19.09138655462185,14.5,2035.2602739726026
filters,MIN,ewf_1_3,qiuqi-mixsolver-free,S,1200000,28,9,14.5,302837.9246575342
filters,MIN,ewf_1_3,sabori_csp-free,SC,1486,28,21.548313659359188,14.5,1476.7636986301372
filters,MIN,ewf_1_3,scip-free,S,1200000,28,9,14.5,302012.30479452055
filters,MIN,ewf_1_3,sicstus_prolog-free,S,1200000,28,9,14.5,301337.25
filters,MIN,ewf_1_3,thornbill-free,S,1200000,28,9,14.5,300951
filters,MIN,ewf_1_3,yuck-free,S,1200000,28,9,14.5,305078.6404109589
filters,MIN,fir_4_2,atlantis-free,ERR, , ,0,0,1200000
filters,MIN,fir_4_2,cbc-free,SC,2831,11,13.547619047619051,13.5,2822
filters,MIN,fir_4_2,choco-solver__cp_-free,SC,4040,11,10.688888888888888,13.5,3935.8666666666663
filters,MIN,fir_4_2,choco-solver__cp_lcg_-free,SC,5425,11,9.920634920634921,13.5,5356.288888888889
filters,MIN,fir_4_2,chuffed-free,SC,1405,11,16.8,13.5,1375.4277777777777
filters,MIN,fir_4_2,cp_optimizer-free,SC,1517,11,16.8,13.5,1514.1277777777777
filters,MIN,fir_4_2,cplex-free,SC,1744,11,16.8,13.5,1728.2888888888888
filters,MIN,fir_4_2,crusher-free,S,1200000,11,3.5,13.5,301190.0722222222
filters,MIN,fir_4_2,gecode-fd,SC,1131,11,16.8,13.5,1131
filters,MIN,fir_4_2,gecode___scheduling_portfolio__experimental_-free,SC,1812,11,16.8,13.5,1811.25
filters,MIN,fir_4_2,gurobi_12-free,SC,1755,11,16.8,13.5,1731.8777777777777
filters,MIN,fir_4_2,highs-free,SC,2264,11,13.547619047619051,13.5,2262.5
filters,MIN,fir_4_2,huub-free,SC,1455,11,16.8,13.5,1455
filters,MIN,fir_4_2,huub__difference_logic_-free,SC,1455,11,16.8,13.5,1455
filters,MIN,fir_4_2,jacop-free,SC,2615,11,13.547619047619051,13.5,2544.7944444444447
filters,MIN,fir_4_2,nucs-fd,UNK,1200000, ,0,0,1200000
filters,MIN,fir_4_2,or-tools_cp-sat-free,SC,1764,11,16.8,13.5,1763.2555555555555
filters,MIN,fir_4_2,or-tools_cp-sat-ls-free,S,1200000,11,3.5,13.5,301578.85
filters,MIN,fir_4_2,picatsat-free,SC,1710,11,16.8,13.5,1638.0555555555554
filters,MIN,fir_4_2,pumpkin-free,SC,1548,11,16.8,13.5,1546.5111111111112
filters,MIN,fir_4_2,qiuqi-mixsolver-free,S,1200000,11,3.5,13.5,303484.5
filters,MIN,fir_4_2,sabori_csp-free,SC,1421,11,16.8,13.5,1416.9611111111112
filters,MIN,fir_4_2,scip-free,SC,2461,11,13.547619047619051,13.5,2115.811111111111
filters,MIN,fir_4_2,sicstus_prolog-free,SC,1795,11,16.8,13.5,1697.988888888889
filters,MIN,fir_4_2,thornbill-free,SC,1269,11,16.8,13.5,1261.377777777778
filters,MIN,fir_4_2,yuck-free,S,1200000,11,3.5,13.5,305604.13333333336
gbac,MIN,UD1-gbac,atlantis-free,S,1200000,8450,17,17,480467.03070210916
gbac,MIN,UD1-gbac,cbc-free,UNK,1200000, ,0,0,1200000
gbac,MIN,UD1-gbac,choco-solver__cp_-free,S,1200000,2531,18,18,377613.3299781602
gbac,MIN,UD1-gbac,choco-solver__cp_lcg_-free,UNK,1200000, ,0,0,1200000
gbac,MIN,UD1-gbac,chuffed-free,UNK,1200000, ,0,0,1200000
gbac,MIN,UD1-gbac,cp_optimizer-free,S,1200000,927,24,24,309759.4917999636
gbac,MIN,UD1-gbac,cplex-free,UNK,1200000, ,0,0,1200000
gbac,MIN,UD1-gbac,crusher-free,UNK,1200000, ,0,0,1200000
gbac,MIN,UD1-gbac,gecode-fd,S,1200000,45420,10,10,844057.7791804008
gbac,MIN,UD1-gbac,gecode___scheduling_portfolio__experimental_-free,S,1200000,46343,9,9,860750.960617581
gbac,MIN,UD1-gbac,gurobi_12-free,UNK,1200000, ,0,0,1200000
gbac,MIN,UD1-gbac,highs-free,S,1200000,1757,21,21,480846.9196426766
gbac,MIN,UD1-gbac,huub-free,S,1200000,26546,14,14,619442.6852894784
gbac,MIN,UD1-gbac,huub__difference_logic_-free,S,1200000,10450,16,16,467370.6353006006
gbac,MIN,UD1-gbac,jacop-free,S,1200000,48643,7,7,885876.9446927262
gbac,MIN,UD1-gbac,nucs-fd,S,1200000,46792,8,8,862610.4657236456
gbac,MIN,UD1-gbac,or-tools_cp-sat-free,S,1200000,1567,22,22,318676.0603627834
gbac,MIN,UD1-gbac,or-tools_cp-sat-ls-free,S,1200000,2031,20,20,448609.5833956846
gbac,MIN,UD1-gbac,picatsat-free,S,1200000,22374,15,15,567122.2761167621
gbac,MIN,UD1-gbac,pumpkin-free,S,1200000,27650,13,13,653672.3886220703
gbac,MIN,UD1-gbac,qiuqi-mixsolver-free,S,1200000,2076,19,19,584114.7525429213
gbac,MIN,UD1-gbac,sabori_csp-free,S,1200000,1395,23,23,337854.9034650462
gbac,MIN,UD1-gbac,scip-free,UNK,1200000, ,0,0,1200000
gbac,MIN,UD1-gbac,sicstus_prolog-free,S,1200000,45218,11,11,843191.2736800064
gbac,MIN,UD1-gbac,thornbill-free,S,1200000,35110,12,12,721265.5543871712
gbac,MIN,UD1-gbac,yuck-free,S,1200000,621,25,25,307312.4911730804
gbac,MIN,UD6-gbac,atlantis-free,S,1200000,948,12,12,402042.4757348386
gbac,MIN,UD6-gbac,cbc-free,S,1200000,506,13,13,858670.0291526124
gbac,MIN,UD6-gbac,choco-solver__cp_-free,S,1200000,86,18,18,308142.92527707026
gbac,MIN,UD6-gbac,choco-solver__cp_lcg_-free,UNK,1200000, ,0,0,1200000
gbac,MIN,UD6-gbac,chuffed-free,S,1200000,9847,5,5,706466.2103496937
gbac,MIN,UD6-gbac,cp_optimizer-free,S,1200000,51,21,21,301345.24547394505
gbac,MIN,UD6-gbac,cplex-free,SC,55032,50,24.413400694019188,23.5,17622.468076684792
gbac,MIN,UD6-gbac,crusher-free,S,1200000,1030,11,11,346271.0773731672
gbac,MIN,UD6-gbac,gecode-fd,S,1200000,9846,7,7,705217.0287567978
gbac,MIN,UD6-gbac,gecode___scheduling_portfolio__experimental_-free,S,1200000,9847,5,5,707633.3952639912
gbac,MIN,UD6-gbac,gurobi_12-free,SC,87041,50,24.10485641119444,23.5,24056.14982446479
gbac,MIN,UD6-gbac,highs-free,ERR, , ,0,0,1200000
gbac,MIN,UD6-gbac,huub-free,S,1200000,2281,9,9,424711.4140565843
gbac,MIN,UD6-gbac,huub__difference_logic_-free,S,1200000,1882,10,10,405863.72936600813
gbac,MIN,UD6-gbac,jacop-free,S,1200000,12984,2,2,835167.926963585
gbac,MIN,UD6-gbac,nucs-fd,S,1200000,9847,5,5,710714.0746885111
gbac,MIN,UD6-gbac,or-tools_cp-sat-free,S,1200000,59,20,20,303521.9225579955
gbac,MIN,UD6-gbac,or-tools_cp-sat-ls-free,S,1200000,85,19,19,303800.2781888897
gbac,MIN,UD6-gbac,picatsat-free,SC,221939,50,23.481742894786372,23.5,67760.2981000895
gbac,MIN,UD6-gbac,pumpkin-free,S,1200000,123,16,16,312218.8795690783
gbac,MIN,UD6-gbac,qiuqi-mixsolver-free,S,1200000,50,22,23.5,310846.7784986577
gbac,MIN,UD6-gbac,sabori_csp-free,S,1200000,177,15,15,307261.66097611346
gbac,MIN,UD6-gbac,scip-free,S,1200000,89,17,17,363686.14800027537
gbac,MIN,UD6-gbac,sicstus_prolog-free,S,1200000,9746,8,8,703165.5906587732
gbac,MIN,UD6-gbac,thornbill-free,S,1200000,10078,3,3,718793.1002787913
gbac,MIN,UD6-gbac,yuck-free,S,1200000,233,14,14,314638.3875542094
gbac,MIN,csplib12-gbac,atlantis-free,S,1200000,10,9,9,308669.3182701652
gbac,MIN,csplib12-gbac,cbc-free,SC,3492,0,19.095891412837723,17.5,3462
gbac,MIN,csplib12-gbac,choco-solver__cp_-free,SC,146168,0,10.685164276515676,17.5,43555.42759961127
gbac,MIN,csplib12-gbac,choco-solver__cp_lcg_-free,UNK,1200000, ,0,0,1200000
gbac,MIN,csplib12-gbac,chuffed-free,SC,42013,0,12.208843039966244,17.5,21497.92905733722
gbac,MIN,csplib12-gbac,cp_optimizer-free,SC,1485,0,22.161957781974397,17.5,1485
gbac,MIN,csplib12-gbac,cplex-free,SC,2018,0,20.323571623571624,17.5,1986.5
gbac,MIN,csplib12-gbac,crusher-free,ERR, , ,0,0,1200000
gbac,MIN,csplib12-gbac,gecode-fd,S,1200000,1906,5,5,870554.6392128279
gbac,MIN,csplib12-gbac,gecode___scheduling_portfolio__experimental_-free,S,1200000,1906,5,5,859001.4535957241
gbac,MIN,csplib12-gbac,gurobi_12-free,SC,2074,0,20.323571623571624,17.5,1950.1870748299318
gbac,MIN,csplib12-gbac,highs-free,SC,5057,0,17.494958220007746,17.5,5026.25
gbac,MIN,csplib12-gbac,huub-free,SC,12653,0,14.919212265224727,17.5,6213.150145772595
gbac,MIN,csplib12-gbac,huub__difference_logic_-free,SC,7045,0,16.460453830655066,17.5,3986.299562682215
gbac,MIN,csplib12-gbac,jacop-free,S,1200000,1904,7,7,863764.909378037
gbac,MIN,csplib12-gbac,nucs-fd,S,1200000,2010,2.5,2.5,894865.4329446064
gbac,MIN,csplib12-gbac,or-tools_cp-sat-free,SC,2454,0,20.323571623571624,17.5,2042.2910592808553
gbac,MIN,csplib12-gbac,or-tools_cp-sat-ls-free,SC,10931,0,15.419923214040859,17.5,4856.065597667639
gbac,MIN,csplib12-gbac,picatsat-free,SC,3789,0,19.095891412837727,17.5,2264.513848396501
gbac,MIN,csplib12-gbac,pumpkin-free,SC,2389,0,20.323571623571624,17.5,1926.142128279883
gbac,MIN,csplib12-gbac,qiuqi-mixsolver-free,S,1200000,58,8,8,319916.43731778424
gbac,MIN,csplib12-gbac,sabori_csp-free,SC,2319,0,20.323571623571624,17.5,1765.9667152575314
gbac,MIN,csplib12-gbac,scip-free,SC,10503,0,15.419923214040859,17.5,6045.0150631681245
gbac,MIN,csplib12-gbac,sicstus_prolog-free,S,1200000,1906,5,5,866666.5872206024
gbac,MIN,csplib12-gbac,thornbill-free,S,1200000,2010,2.5,2.5,895051.5430029155
gbac,MIN,csplib12-gbac,yuck-free,SC,10197,0,15.419923214040859,17.5,7042.294703595724
gbac,MIN,reduced_UD1-gbac,atlantis-free,S,1200000,3319,10,10,338522.86183589534
gbac,MIN,reduced_UD1-gbac,cbc-free,S,1200000,1770,14,14,467417.669464671
gbac,MIN,reduced_UD1-gbac,choco-solver__cp_-free,S,1200000,1550,22.5,22.5,304650.97813848435
gbac,MIN,reduced_UD1-gbac,choco-solver__cp_lcg_-free,UNK,1200000, ,0,0,1200000
gbac,MIN,reduced_UD1-gbac,chuffed-free,S,1200000,7682,7,7,442346.27582254575
gbac,MIN,reduced_UD1-gbac,cp_optimizer-free,S,1200000,1550,22.5,22.5,301546.30939859763
gbac,MIN,reduced_UD1-gbac,cplex-free,S,1200000,1548,24,24.5,313733.82305151026
gbac,MIN,reduced_UD1-gbac,crusher-free,ERR, , ,0,0,1200000
gbac,MIN,reduced_UD1-gbac,gecode-fd,S,1200000,28477,5,5,847532.1399676375
gbac,MIN,reduced_UD1-gbac,gecode___scheduling_portfolio__experimental_-free,S,1200000,28528,4,4,849560.8674319038
gbac,MIN,reduced_UD1-gbac,gurobi_12-free,SC,60352,1548,25,24.5,19494.003185679612
gbac,MIN,reduced_UD1-gbac,highs-free,S,1200000,1599,20,20,328028.3771912082
gbac,MIN,reduced_UD1-gbac,huub-free,S,1200000,5575,9,9,398351.76495078206
gbac,MIN,reduced_UD1-gbac,huub__difference_logic_-free,S,1200000,2905,11,11,356684.0890641855
gbac,MIN,reduced_UD1-gbac,jacop-free,S,1200000,30351,2,2,883918.3695219795
gbac,MIN,reduced_UD1-gbac,nucs-fd,S,1200000,28755,3,3,853965.9993932039
gbac,MIN,reduced_UD1-gbac,or-tools_cp-sat-free,S,1200000,1601,19,19,307861.44896170445
gbac,MIN,reduced_UD1-gbac,or-tools_cp-sat-ls-free,S,1200000,1623,17,17,538281.8003977885
gbac,MIN,reduced_UD1-gbac,picatsat-free,S,1200000,1819,13,13,335403.9242684736
gbac,MIN,reduced_UD1-gbac,pumpkin-free,S,1200000,2822,12,12,337218.4576254045
gbac,MIN,reduced_UD1-gbac,qiuqi-mixsolver-free,S,1200000,1602,18,18,312197.23184668284
gbac,MIN,reduced_UD1-gbac,sabori_csp-free,S,1200000,1640,16,16,305484.09160935815
gbac,MIN,reduced_UD1-gbac,scip-free,S,1200000,1709,15,15,418250.1119875944
gbac,MIN,reduced_UD1-gbac,sicstus_prolog-free,S,1200000,11234,6,6,513818.5865190129
gbac,MIN,reduced_UD1-gbac,thornbill-free,S,1200000,7265,8,8,416722.6646945793
gbac,MIN,reduced_UD1-gbac,yuck-free,S,1200000,1561,21,21,306327.72279530746
gbac,MIN,reduced_UD9-gbac,atlantis-free,S,1200000,3010,10,10,340110.6647620084
gbac,MIN,reduced_UD9-gbac,cbc-free,S,1200000,2036,15,15,455396.83097518503
gbac,MIN,reduced_UD9-gbac,choco-solver__cp_-free,S,1200000,1481,20,20,306651.4986032506
gbac,MIN,reduced_UD9-gbac,choco-solver__cp_lcg_-free,UNK,1200000, ,0,0,1200000
gbac,MIN,reduced_UD9-gbac,chuffed-free,S,1200000,7745,7,7,473063.11019808473
gbac,MIN,reduced_UD9-gbac,cp_optimizer-free,S,1200000,1418,23,23,301850.32894354954
gbac,MIN,reduced_UD9-gbac,cplex-free,S,1200000,1414,24,24.5,316626.09269336815
gbac,MIN,reduced_UD9-gbac,crusher-free,ERR, , ,0,0,1200000
gbac,MIN,reduced_UD9-gbac,gecode-fd,S,1200000,23596,5,5,791719.2586525903
gbac,MIN,reduced_UD9-gbac,gecode___scheduling_portfolio__experimental_-free,S,1200000,23645,4,4,789281.7707517052
gbac,MIN,reduced_UD9-gbac,gurobi_12-free,SC,56477,1414,25,24.5,18181.768955884487
gbac,MIN,reduced_UD9-gbac,highs-free,S,1200000,1533,18,18,357364.9670947613
gbac,MIN,reduced_UD9-gbac,huub-free,S,1200000,3763,9,9,378546.6516833551
gbac,MIN,reduced_UD9-gbac,huub__difference_logic_-free,S,1200000,2729,11,11,392301.56784211285
gbac,MIN,reduced_UD9-gbac,jacop-free,S,1200000,25948,2,2,836672.0208605428
gbac,MIN,reduced_UD9-gbac,nucs-fd,S,1200000,25575,3,3,836061.5266107967
gbac,MIN,reduced_UD9-gbac,or-tools_cp-sat-free,S,1200000,1473,21,21,307542.41496154404
gbac,MIN,reduced_UD9-gbac,or-tools_cp-sat-ls-free,S,1200000,1649,17,17,339564.84287476423
gbac,MIN,reduced_UD9-gbac,picatsat-free,S,1200000,2431,12,12,367739.69164489914
gbac,MIN,reduced_UD9-gbac,pumpkin-free,S,1200000,2214,14,14,321378.1679908576
gbac,MIN,reduced_UD9-gbac,qiuqi-mixsolver-free,S,1200000,2368,13,13,342732.68183137424
gbac,MIN,reduced_UD9-gbac,sabori_csp-free,S,1200000,1501,19,19,304654.46442823973
gbac,MIN,reduced_UD9-gbac,scip-free,S,1200000,1987,16,16,351205.2702800755
gbac,MIN,reduced_UD9-gbac,sicstus_prolog-free,S,1200000,16017,6,6,619018.8824190974
gbac,MIN,reduced_UD9-gbac,thornbill-free,S,1200000,6428,8,8,417256.06715280795
gbac,MIN,reduced_UD9-gbac,yuck-free,S,1200000,1433,22,22,306551.3217421274
gcc-benchmark,SAT,instance-i24,atlantis-free,S,365446, ,4.80989385534648,4.80989385534648,365446
gcc-benchmark,SAT,instance-i24,cbc-free,UNK,1200000, ,0,0,1200000
gcc-benchmark,SAT,instance-i24,choco-solver__cp_-free,UNK,1200000, ,0,0,1200000
gcc-benchmark,SAT,instance-i24,choco-solver__cp_lcg_-free,S,12939, ,11.392677592990724,11.392677592990724,12939
gcc-benchmark,SAT,instance-i24,chuffed-free,S,2691, ,18.533184664758668,18.533184664758668,2691
gcc-benchmark,SAT,instance-i24,cp_optimizer-free,S,4134, ,15.757533656199094,15.757533656199094,4134
gcc-benchmark,SAT,instance-i24,cplex-free,S,314747, ,4.93938404015688,4.93938404015688,314747
gcc-benchmark,SAT,instance-i24,crusher-free,S,5336, ,14.836049684280816,14.836049684280816,5336
gcc-benchmark,SAT,instance-i24,gecode-fd,S,1649, ,20.932142144437226,20.932142144437226,1649
gcc-benchmark,SAT,instance-i24,gecode___scheduling_portfolio__experimental_-free,S,2144, ,18.533184664758668,18.533184664758668,2144
gcc-benchmark,SAT,instance-i24,gurobi_12-free,S,6857, ,14.087515104669652,14.087515104669652,6857
gcc-benchmark,SAT,instance-i24,highs-free,UNK,1200000, ,0,0,1200000
gcc-benchmark,SAT,instance-i24,huub-free,S,2650, ,18.533184664758668,18.533184664758668,2650
gcc-benchmark,SAT,instance-i24,huub__difference_logic_-free,S,2933, ,18.533184664758668,18.533184664758668,2933
gcc-benchmark,SAT,instance-i24,jacop-free,S,4108, ,15.757533656199094,15.757533656199094,4108
gcc-benchmark,SAT,instance-i24,nucs-fd,S,8178, ,12.931038242774909,12.931038242774909,8178
gcc-benchmark,SAT,instance-i24,or-tools_cp-sat-free,S,10132, ,12.068010261343597,12.068010261343597,10132
gcc-benchmark,SAT,instance-i24,or-tools_cp-sat-ls-free,S,26081, ,8.920192345673675,8.920192345673675,26081
gcc-benchmark,SAT,instance-i24,picatsat-free,S,11415, ,11.711269053851884,11.711269053851884,11415
gcc-benchmark,SAT,instance-i24,pumpkin-free,S,14810, ,10.846360051747803,10.846360051747803,14810
gcc-benchmark,SAT,instance-i24,qiuqi-mixsolver-free,S,6497, ,14.087515104669652,14.087515104669652,6497
gcc-benchmark,SAT,instance-i24,sabori_csp-free,S,1970, ,20.93214214443723,20.93214214443723,1970
gcc-benchmark,SAT,instance-i24,scip-free,UNK,1200000, ,0,0,1200000
gcc-benchmark,SAT,instance-i24,sicstus_prolog-free,S,2100, ,18.533184664758668,18.533184664758668,2100
gcc-benchmark,SAT,instance-i24,thornbill-free,S,1821, ,20.93214214443723,20.93214214443723,1821
gcc-benchmark,SAT,instance-i24,yuck-free,S,12439, ,11.392677592990724,11.392677592990724,12439
gcc-benchmark,SAT,instance-l35_1,atlantis-free,C,1606, ,15.222222222222221,15.222222222222221,1606
gcc-benchmark,SAT,instance-l35_1,cbc-free,C,1761, ,15.222222222222221,15.222222222222221,1761
gcc-benchmark,SAT,instance-l35_1,choco-solver__cp_-free,C,3689, ,9.527272727272727,9.527272727272727,3689
gcc-benchmark,SAT,instance-l35_1,choco-solver__cp_lcg_-free,C,3908, ,9.527272727272727,9.527272727272727,3908
gcc-benchmark,SAT,instance-l35_1,chuffed-free,C,1279, ,15.222222222222221,15.222222222222221,1279
gcc-benchmark,SAT,instance-l35_1,cp_optimizer-free,C,1740, ,15.222222222222221,15.222222222222221,1740
gcc-benchmark,SAT,instance-l35_1,cplex-free,C,1672, ,15.222222222222221,15.222222222222221,1672
gcc-benchmark,SAT,instance-l35_1,crusher-free,UNK,1200000, ,0,0,1200000
gcc-benchmark,SAT,instance-l35_1,gecode-fd,C,1405, ,15.222222222222221,15.222222222222221,1405
gcc-benchmark,SAT,instance-l35_1,gecode___scheduling_portfolio__experimental_-free,C,1657, ,15.222222222222221,15.222222222222221,1657
gcc-benchmark,SAT,instance-l35_1,gurobi_12-free,C,1708, ,15.222222222222221,15.222222222222221,1708
gcc-benchmark,SAT,instance-l35_1,highs-free,C,1725, ,15.222222222222221,15.222222222222221,1725
gcc-benchmark,SAT,instance-l35_1,huub-free,C,1381, ,15.222222222222221,15.222222222222221,1381
gcc-benchmark,SAT,instance-l35_1,huub__difference_logic_-free,C,1462, ,15.222222222222221,15.222222222222221,1462
gcc-benchmark,SAT,instance-l35_1,jacop-free,C,2497, ,11.5,11.5,2497
gcc-benchmark,SAT,instance-l35_1,nucs-fd,C,8342, ,5.945454545454545,5.945454545454545,8342
gcc-benchmark,SAT,instance-l35_1,or-tools_cp-sat-free,C,1749, ,15.222222222222221,15.222222222222221,1749
gcc-benchmark,SAT,instance-l35_1,or-tools_cp-sat-ls-free,C,2041, ,11.5,11.5,2041
gcc-benchmark,SAT,instance-l35_1,picatsat-free,C,1715, ,15.222222222222221,15.222222222222221,1715
gcc-benchmark,SAT,instance-l35_1,pumpkin-free,C,1486, ,15.222222222222221,15.222222222222221,1486
gcc-benchmark,SAT,instance-l35_1,qiuqi-mixsolver-free,UNK,1200000, ,0,0,1200000
gcc-benchmark,SAT,instance-l35_1,sabori_csp-free,C,1528, ,15.222222222222221,15.222222222222221,1528
gcc-benchmark,SAT,instance-l35_1,scip-free,C,1828, ,15.222222222222221,15.222222222222221,1828
gcc-benchmark,SAT,instance-l35_1,sicstus_prolog-free,C,1620, ,15.222222222222221,15.222222222222221,1620
gcc-benchmark,SAT,instance-l35_1,thornbill-free,C,1476, ,15.222222222222221,15.222222222222221,1476
gcc-benchmark,SAT,instance-l35_1,yuck-free,UNK,1200000, ,0,0,1200000
gcc-benchmark,SAT,instance-l42_3,atlantis-free,UNK,1200000, ,0,0,1200000
gcc-benchmark,SAT,instance-l42_3,cbc-free,UNK,1200000, ,0,0,1200000
gcc-benchmark,SAT,instance-l42_3,choco-solver__cp_-free,UNK,1200000, ,0,0,1200000
gcc-benchmark,SAT,instance-l42_3,choco-solver__cp_lcg_-free,UNK,1200000, ,0,0,1200000
gcc-benchmark,SAT,instance-l42_3,chuffed-free,C,30165, ,20.236619834664694,20.236619834664694,30165
gcc-benchmark,SAT,instance-l42_3,cp_optimizer-free,UNK,1200000, ,0,0,1200000
gcc-benchmark,SAT,instance-l42_3,cplex-free,UNK,1200000, ,0,0,1200000
gcc-benchmark,SAT,instance-l42_3,crusher-free,UNK,1200000, ,0,0,1200000
gcc-benchmark,SAT,instance-l42_3,gecode-fd,UNK,1200000, ,0,0,1200000
gcc-benchmark,SAT,instance-l42_3,gecode___scheduling_portfolio__experimental_-free,UNK,1200000, ,0,0,1200000
gcc-benchmark,SAT,instance-l42_3,gurobi_12-free,UNK,1200000, ,0,0,1200000
gcc-benchmark,SAT,instance-l42_3,highs-free,C,606343, ,16.929870785009708,16.929870785009708,606343
gcc-benchmark,SAT,instance-l42_3,huub-free,C,10269, ,21.840349120199864,21.840349120199864,10269
gcc-benchmark,SAT,instance-l42_3,huub__difference_logic_-free,C,10399, ,21.840349120199864,21.840349120199864,10399
gcc-benchmark,SAT,instance-l42_3,jacop-free,UNK,1200000, ,0,0,1200000
gcc-benchmark,SAT,instance-l42_3,nucs-fd,UNK,1200000, ,0,0,1200000
gcc-benchmark,SAT,instance-l42_3,or-tools_cp-sat-free,C,2258, ,23.891652479523874,23.891652479523874,2258
gcc-benchmark,SAT,instance-l42_3,or-tools_cp-sat-ls-free,C,2365, ,23.891652479523874,23.891652479523874,2365
gcc-benchmark,SAT,instance-l42_3,picatsat-free,C,11977, ,21.701552854677782,21.701552854677782,11977
gcc-benchmark,SAT,instance-l42_3,pumpkin-free,C,62784, ,19.25101300543255,19.25101300543255,62784
gcc-benchmark,SAT,instance-l42_3,qiuqi-mixsolver-free,UNK,1200000, ,0,0,1200000
gcc-benchmark,SAT,instance-l42_3,sabori_csp-free,UNK,1200000, ,0,0,1200000
gcc-benchmark,SAT,instance-l42_3,scip-free,C,928621, ,16.61383705297429,16.61383705297429,928621
gcc-benchmark,SAT,instance-l42_3,sicstus_prolog-free,C,89617, ,18.803103267793496,18.803103267793496,89617
gcc-benchmark,SAT,instance-l42_3,thornbill-free,UNK,1200000, ,0,0,1200000
gcc-benchmark,SAT,instance-l42_3,yuck-free,UNK,1200000, ,0,0,1200000
gcc-benchmark,SAT,instance-l42_6,atlantis-free,S,737409, ,8.490993787332402,8.490993787332402,737409
gcc-benchmark,SAT,instance-l42_6,cbc-free,UNK,1200000, ,0,0,1200000
gcc-benchmark,SAT,instance-l42_6,choco-solver__cp_-free,UNK,1200000, ,0,0,1200000
gcc-benchmark,SAT,instance-l42_6,choco-solver__cp_lcg_-free,UNK,1200000, ,0,0,1200000
gcc-benchmark,SAT,instance-l42_6,chuffed-free,S,4360, ,19.277970789041564,19.277970789041564,4360
gcc-benchmark,SAT,instance-l42_6,cp_optimizer-free,S,7063, ,17.534540139885735,17.534540139885735,7063
gcc-benchmark,SAT,instance-l42_6,cplex-free,UNK,1200000, ,0,0,1200000
gcc-benchmark,SAT,instance-l42_6,crusher-free,S,11677, ,16.159502682189448,16.159502682189448,11677
gcc-benchmark,SAT,instance-l42_6,gecode-fd,S,3509, ,20.150792637983596,20.150792637983596,3509
gcc-benchmark,SAT,instance-l42_6,gecode___scheduling_portfolio__experimental_-free,S,3225, ,20.150792637983596,20.150792637983596,3225
gcc-benchmark,SAT,instance-l42_6,gurobi_12-free,UNK,1200000, ,0,0,1200000
gcc-benchmark,SAT,instance-l42_6,highs-free,UNK,1200000, ,0,0,1200000
gcc-benchmark,SAT,instance-l42_6,huub-free,S,4388, ,19.277970789041568,19.277970789041568,4388
gcc-benchmark,SAT,instance-l42_6,huub__difference_logic_-free,S,4240, ,19.277970789041568,19.277970789041568,4240
gcc-benchmark,SAT,instance-l42_6,jacop-free,S,4732, ,19.277970789041568,19.277970789041568,4732
gcc-benchmark,SAT,instance-l42_6,nucs-fd,UNK,1200000, ,0,0,1200000
gcc-benchmark,SAT,instance-l42_6,or-tools_cp-sat-free,S,18215, ,14.753202855065277,14.753202855065277,18215
gcc-benchmark,SAT,instance-l42_6,or-tools_cp-sat-ls-free,S,83872, ,11.203390345716256,11.203390345716256,83872
gcc-benchmark,SAT,instance-l42_6,picatsat-free,S,29646, ,13.506714098203812,13.506714098203812,29646
gcc-benchmark,SAT,instance-l42_6,pumpkin-free,S,83446, ,11.203390345716256,11.203390345716256,83446
gcc-benchmark,SAT,instance-l42_6,qiuqi-mixsolver-free,S,100653, ,10.863669570573364,10.863669570573364,100653
gcc-benchmark,SAT,instance-l42_6,sabori_csp-free,S,2453, ,21.301153579397933,21.301153579397933,2453
gcc-benchmark,SAT,instance-l42_6,scip-free,UNK,1200000, ,0,0,1200000
gcc-benchmark,SAT,instance-l42_6,sicstus_prolog-free,S,3204, ,20.150792637983596,20.150792637983596,3204
gcc-benchmark,SAT,instance-l42_6,thornbill-free,S,2006, ,21.301153579397933,21.301153579397933,2006
gcc-benchmark,SAT,instance-l42_6,yuck-free,S,34466, ,13.11802794640451,13.11802794640451,34466
gcc-benchmark,SAT,toy-instance,atlantis-free,S,1510, ,13.841666666666669,13.841666666666669,1510
gcc-benchmark,SAT,toy-instance,cbc-free,S,1576, ,13.841666666666669,13.841666666666669,1576
gcc-benchmark,SAT,toy-instance,choco-solver__cp_-free,S,3323, ,7.421428571428571,7.421428571428571,3323
gcc-benchmark,SAT,toy-instance,choco-solver__cp_lcg_-free,S,3486, ,7.421428571428571,7.421428571428571,3486
gcc-benchmark,SAT,toy-instance,chuffed-free,S,1345, ,13.841666666666669,13.841666666666669,1345
gcc-benchmark,SAT,toy-instance,cp_optimizer-free,S,1623, ,13.841666666666669,13.841666666666669,1623
gcc-benchmark,SAT,toy-instance,cplex-free,S,1483, ,13.841666666666669,13.841666666666669,1483
gcc-benchmark,SAT,toy-instance,crusher-free,S,1312, ,13.841666666666669,13.841666666666669,1312
gcc-benchmark,SAT,toy-instance,gecode-fd,S,1509, ,13.841666666666669,13.841666666666669,1509
gcc-benchmark,SAT,toy-instance,gecode___scheduling_portfolio__experimental_-free,S,1896, ,13.841666666666669,13.841666666666669,1896
gcc-benchmark,SAT,toy-instance,gurobi_12-free,S,1642, ,13.841666666666669,13.841666666666669,1642
gcc-benchmark,SAT,toy-instance,highs-free,S,1354, ,13.841666666666669,13.841666666666669,1354
gcc-benchmark,SAT,toy-instance,huub-free,S,1509, ,13.841666666666669,13.841666666666669,1509
gcc-benchmark,SAT,toy-instance,huub__difference_logic_-free,S,1231, ,13.841666666666669,13.841666666666669,1231
gcc-benchmark,SAT,toy-instance,jacop-free,S,2463, ,9.644444444444444,9.644444444444444,2463
gcc-benchmark,SAT,toy-instance,nucs-fd,S,7677, ,3.810858585858586,3.810858585858586,7677
gcc-benchmark,SAT,toy-instance,or-tools_cp-sat-free,S,1896, ,13.841666666666667,13.841666666666667,1896
gcc-benchmark,SAT,toy-instance,or-tools_cp-sat-ls-free,S,1881, ,13.841666666666667,13.841666666666667,1881
gcc-benchmark,SAT,toy-instance,picatsat-free,S,1476, ,13.841666666666667,13.841666666666667,1476
gcc-benchmark,SAT,toy-instance,pumpkin-free,S,1515, ,13.841666666666667,13.841666666666667,1515
gcc-benchmark,SAT,toy-instance,qiuqi-mixsolver-free,S,1577, ,13.841666666666667,13.841666666666667,1577
gcc-benchmark,SAT,toy-instance,sabori_csp-free,S,1457, ,13.841666666666667,13.841666666666667,1457
gcc-benchmark,SAT,toy-instance,scip-free,S,1677, ,13.841666666666667,13.841666666666667,1677
gcc-benchmark,SAT,toy-instance,sicstus_prolog-free,S,1712, ,13.841666666666667,13.841666666666667,1712
gcc-benchmark,SAT,toy-instance,thornbill-free,S,1518, ,13.841666666666667,13.841666666666667,1518
gcc-benchmark,SAT,toy-instance,yuck-free,S,4339, ,6.026839826839829,6.026839826839829,4339
kitchen,MAX,kitchen_b1.instance,atlantis-free,UNK,1200000, ,0,0,1200000
kitchen,MAX,kitchen_b1.instance,cbc-free,UNK,1200000, ,0,0,1200000
kitchen,MAX,kitchen_b1.instance,choco-solver__cp_-free,S,1200000,9049,11.5,11.5,443337.4713016967
kitchen,MAX,kitchen_b1.instance,choco-solver__cp_lcg_-free,S,1200000,9049,11.5,11.5,625154.4019088016
kitchen,MAX,kitchen_b1.instance,chuffed-free,SC,204084,9942,22.563340815241034,20,63130.26405090138
kitchen,MAX,kitchen_b1.instance,cp_optimizer-free,S,1200000,9942,16.5,20,322699.95976935315
kitchen,MAX,kitchen_b1.instance,cplex-free,SC,1153074,9942,20.1735250014719,20,799584.5629639449
kitchen,MAX,kitchen_b1.instance,crusher-free,UNK,1200000, ,0,0,1200000
kitchen,MAX,kitchen_b1.instance,gecode-fd,S,1200000,9942,16.5,20,304309.12718716863
kitchen,MAX,kitchen_b1.instance,gecode___scheduling_portfolio__experimental_-free,S,1200000,9942,16.5,20,324115.3930938494
kitchen,MAX,kitchen_b1.instance,gurobi_12-free,SC,246410,9942,22.296257256709847,20,152030.32091728525
kitchen,MAX,kitchen_b1.instance,highs-free,S,1200000,9444,14,14,594334.5376458112
kitchen,MAX,kitchen_b1.instance,huub-free,SC,284983,9942,22.087528498086634,20,86460.54579798516
kitchen,MAX,kitchen_b1.instance,huub__difference_logic_-free,SC,432845,9942,21.473145863478802,20,136951.9759411453
kitchen,MAX,kitchen_b1.instance,jacop-free,UNK,1200000, ,0,0,1200000
kitchen,MAX,kitchen_b1.instance,nucs-fd,S,1200000,5603,8,8,670864.6705328737
kitchen,MAX,kitchen_b1.instance,or-tools_cp-sat-free,SC,38844,9942,24.41957941273137,20,22374.289634146342
kitchen,MAX,kitchen_b1.instance,or-tools_cp-sat-ls-free,S,1200000,4716,7,7,769193.3574363734
kitchen,MAX,kitchen_b1.instance,picatsat-free,S,1200000,2609,6,6,897501.3398064687
kitchen,MAX,kitchen_b1.instance,pumpkin-free,SC,608656,9942,20.986623152280412,20,164866.68180010605
kitchen,MAX,kitchen_b1.instance,qiuqi-mixsolver-free,S,1200000,8210,9,9,613977.4201352068
kitchen,MAX,kitchen_b1.instance,sabori_csp-free,S,1200000,8926,10,10,469332.2110949098
kitchen,MAX,kitchen_b1.instance,scip-free,S,1200000,9942,16.5,20,1076383.4357104984
kitchen,MAX,kitchen_b1.instance,sicstus_prolog-free,UNK,1200000, ,0,0,1200000
kitchen,MAX,kitchen_b1.instance,thornbill-free,S,1200000,9335,13,13,513979.70486479317
kitchen,MAX,kitchen_b1.instance,yuck-free,UNK,1200000, ,0,0,1200000
kitchen,MAX,larger.instance,atlantis-free,ERR, , ,0,0,1200000
kitchen,MAX,larger.instance,cbc-free,SC,597835,470,20.284126034139952,20.5,154224.63617021276
kitchen,MAX,larger.instance,choco-solver__cp_-free,S,1200000,452,10,10,329000.86063829786
kitchen,MAX,larger.instance,choco-solver__cp_lcg_-free,S,1200000,462,12.5,12.5,317273.9265957447
kitchen,MAX,larger.instance,chuffed-free,S,1200000,449,9,9,335877.53723404254
kitchen,MAX,larger.instance,cp_optimizer-free,S,1200000,467,15,15,305282.9255319149
kitchen,MAX,larger.instance,cplex-free,SC,51735,470,23.183378069719236,20.5,14656.496808510637
kitchen,MAX,larger.instance,crusher-free,S,1200000,323,4,4,499010.00638297875
kitchen,MAX,larger.instance,gecode-fd,S,1200000,391,7,7,416785.4468085107
kitchen,MAX,larger.instance,gecode___scheduling_portfolio__experimental_-free,S,1200000,364,6,6,473751.5723404255
kitchen,MAX,larger.instance,gurobi_12-free,SC,15294,470,24.37509213558025,20.5,5135.801063829787
kitchen,MAX,larger.instance,highs-free,SC,169061,470,21.719021110793733,20.5,44654.1
kitchen,MAX,larger.instance,huub-free,S,1200000,464,14,14,315124.85
kitchen,MAX,larger.instance,huub__difference_logic_-free,S,1200000,462,12.5,12.5,315089.22659574467
kitchen,MAX,larger.instance,jacop-free,S,1200000,109,2,2,789299.0351063829
kitchen,MAX,larger.instance,nucs-fd,S,1200000,304,3,3,546209.6861702128
kitchen,MAX,larger.instance,or-tools_cp-sat-free,SC,63781,470,22.936122240888587,20.5,17656.122340425532
kitchen,MAX,larger.instance,or-tools_cp-sat-ls-free,S,1200000,470,17,20.5,302941.6446808511
kitchen,MAX,larger.instance,picatsat-free,SC,1131639,470,19.70774195751751,20.5,293004.5106382979
kitchen,MAX,larger.instance,pumpkin-free,S,1200000,470,17,20.5,302180.97340425535
kitchen,MAX,larger.instance,qiuqi-mixsolver-free,S,1200000,470,17,20.5,302881.1265957447
kitchen,MAX,larger.instance,sabori_csp-free,S,1200000,459,11,11,319164.4340425532
kitchen,MAX,larger.instance,scip-free,SC,159035,470,21.794518451360727,20.5,43928.881914893616
kitchen,MAX,larger.instance,sicstus_prolog-free,S,1200000,20,1,1,875266.8085106383
kitchen,MAX,larger.instance,thornbill-free,S,1200000,361,5,5,441595.6553191489
kitchen,MAX,larger.instance,yuck-free,S,1200000,431,8,8,370694.02021276596
kitchen,MAX,linear.instance,atlantis-free,ERR, , ,0,0,1200000
kitchen,MAX,linear.instance,cbc-free,S,1200000,516,18.5,21,312262.1482558139
kitchen,MAX,linear.instance,choco-solver__cp_-free,S,1200000,499,11,11,325789.11240310076
kitchen,MAX,linear.instance,choco-solver__cp_lcg_-free,S,1200000,500,12,12,327177.4098837209
kitchen,MAX,linear.instance,chuffed-free,S,1200000,483,9,9,347965.55717054266
kitchen,MAX,linear.instance,cp_optimizer-free,S,1200000,510,14.5,14.5,308703.94573643414
kitchen,MAX,linear.instance,cplex-free,SC,166871,516,22.714937745845827,21,43952.29554263566
kitchen,MAX,linear.instance,crusher-free,S,1200000,351,6,6,915400.5222868215
kitchen,MAX,linear.instance,gecode-fd,S,1200000,354,7,7,510392.0251937985
kitchen,MAX,linear.instance,gecode___scheduling_portfolio__experimental_-free,S,1200000,331,5,5,542396.6007751938
kitchen,MAX,linear.instance,gurobi_12-free,SC,26299,516,24.37444852284371,21,8116.187015503877
kitchen,MAX,linear.instance,highs-free,SC,367361,516,21.968229298945616,21,96332.57558139534
kitchen,MAX,linear.instance,huub-free,S,1200000,508,13,13,313157.2567829457
kitchen,MAX,linear.instance,huub__difference_logic_-free,S,1200000,510,14.5,14.5,311033.26550387597
kitchen,MAX,linear.instance,jacop-free,S,1200000,30,1.5,1.5,867011.8158914729
kitchen,MAX,linear.instance,nucs-fd,S,1200000,267,3,3,597387.9312015504
kitchen,MAX,linear.instance,or-tools_cp-sat-free,SC,48460,516,23.8850738458547,21,14148.018410852714
kitchen,MAX,linear.instance,or-tools_cp-sat-ls-free,S,1200000,516,18.5,21,305770.2218992248
kitchen,MAX,linear.instance,picatsat-free,S,1200000,516,18.5,21,315082.5532945736
kitchen,MAX,linear.instance,pumpkin-free,S,1200000,514,16,16,313525.1598837209
kitchen,MAX,linear.instance,qiuqi-mixsolver-free,S,1200000,516,18.5,21,306720.99418604653
kitchen,MAX,linear.instance,sabori_csp-free,S,1200000,497,10,10,323521.9331395349
kitchen,MAX,linear.instance,scip-free,SC,332998,516,22.057310586510155,21,89909.78875968992
kitchen,MAX,linear.instance,sicstus_prolog-free,S,1200000,30,1.5,1.5,865621.9980620155
kitchen,MAX,linear.instance,thornbill-free,S,1200000,286,4,4,584142.6094961241
kitchen,MAX,linear.instance,yuck-free,S,1200000,453,8,8,421197.1850775194
kitchen,MAX,real_kitchen_b1.instance,atlantis-free,UNK,1200000, ,0,0,1200000
kitchen,MAX,real_kitchen_b1.instance,cbc-free,S,1200000,748,6,6,882347.9526717557
kitchen,MAX,real_kitchen_b1.instance,choco-solver__cp_-free,S,1200000,785,8,8,391012.6935114504
kitchen,MAX,real_kitchen_b1.instance,choco-solver__cp_lcg_-free,S,1200000,841,11.5,11.5,361150.7866412214
kitchen,MAX,real_kitchen_b1.instance,chuffed-free,SC,68133,852,22.216024073608324,19.5,19263.22824427481
kitchen,MAX,real_kitchen_b1.instance,cp_optimizer-free,S,1200000,852,14.5,19.5,306034.63625954196
kitchen,MAX,real_kitchen_b1.instance,cplex-free,SC,429837,852,18.726003619580418,19.5,159936.72328244275
kitchen,MAX,real_kitchen_b1.instance,crusher-free,S,1200000,380,3,3,953818.5843511451
kitchen,MAX,real_kitchen_b1.instance,gecode-fd,SC,264683,852,19.615338650073227,19.5,67689.04045801527
kitchen,MAX,real_kitchen_b1.instance,gecode___scheduling_portfolio__experimental_-free,SC,600645,852,18.16555831673618,19.5,159369.356870229
kitchen,MAX,real_kitchen_b1.instance,gurobi_12-free,SC,69796,852,22.189931222664665,19.5,25477.13740458015
kitchen,MAX,real_kitchen_b1.instance,highs-free,S,1200000,841,11.5,11.5,375118.3938931298
kitchen,MAX,real_kitchen_b1.instance,huub-free,SC,126722,852,21.055878586526106,19.5,36652.14198473282
kitchen,MAX,real_kitchen_b1.instance,huub__difference_logic_-free,SC,87915,852,21.765164241704678,19.5,26776.485496183206
kitchen,MAX,real_kitchen_b1.instance,jacop-free,S,1200000,454,4,4,1038627.1515267176
kitchen,MAX,real_kitchen_b1.instance,nucs-fd,S,1200000,852,14.5,19.5,321173.49351145036
kitchen,MAX,real_kitchen_b1.instance,or-tools_cp-sat-free,SC,24149,852,23.79936439837186,19.5,9824.420992366413
kitchen,MAX,real_kitchen_b1.instance,or-tools_cp-sat-ls-free,S,1200000,505,5,5,734200.1404580153
kitchen,MAX,real_kitchen_b1.instance,picatsat-free,S,1200000,818,10,10,689992.0828244274
kitchen,MAX,real_kitchen_b1.instance,pumpkin-free,SC,194397,852,20.210612648440396,19.5,53679.22175572519
kitchen,MAX,real_kitchen_b1.instance,qiuqi-mixsolver-free,S,1200000,782,7,7,539954.9763358779
kitchen,MAX,real_kitchen_b1.instance,sabori_csp-free,S,1200000,797,9,9,385098.015648855
kitchen,MAX,real_kitchen_b1.instance,scip-free,SC,1140255,852,17.256124242294156,19.5,419280.0217557252
kitchen,MAX,real_kitchen_b1.instance,sicstus_prolog-free,UNK,1200000, ,0,0,1200000
kitchen,MAX,real_kitchen_b1.instance,thornbill-free,S,1200000,850,13,13,330515.96259541984
kitchen,MAX,real_kitchen_b1.instance,yuck-free,UNK,1200000, ,0,0,1200000
kitchen,MAX,tall_complex.instance,atlantis-free,UNK,1200000, ,0,0,1200000
kitchen,MAX,tall_complex.instance,cbc-free,SC,128287,409,9.27487003997949,15,39174.65647921761
kitchen,MAX,tall_complex.instance,choco-solver__cp_-free,S,1200000,409,6,15,306146.7885085575
kitchen,MAX,tall_complex.instance,choco-solver__cp_lcg_-free,SC,99638,409,9.615035428373877,15,34195.77139364303
kitchen,MAX,tall_complex.instance,chuffed-free,SC,1657,409,21.642675646127294,15,1464.4266503667484
kitchen,MAX,tall_complex.instance,cp_optimizer-free,SC,3032,409,18.36654298236694,15,1850.356968215159
kitchen,MAX,tall_complex.instance,cplex-free,SC,3277,409,18.36654298236694,15,2122.3270171149143
kitchen,MAX,tall_complex.instance,crusher-free,S,1200000,259,3,3,531952.261002445
kitchen,MAX,tall_complex.instance,gecode-fd,SC,1844,409,21.642675646127294,15,1526.453545232274
kitchen,MAX,tall_complex.instance,gecode___scheduling_portfolio__experimental_-free,SC,3149,409,18.36654298236694,15,2348.5837408312964
kitchen,MAX,tall_complex.instance,gurobi_12-free,SC,2879,409,19.654125026581276,15,1783.3667481662592
kitchen,MAX,tall_complex.instance,highs-free,SC,17975,409,13.14013477015923,15,6415.167481662592
kitchen,MAX,tall_complex.instance,huub-free,SC,2227,409,19.654125026581276,15,1677.0330073349633
kitchen,MAX,tall_complex.instance,huub__difference_logic_-free,SC,2459,409,19.654125026581276,15,1802.9193154034238
kitchen,MAX,tall_complex.instance,jacop-free,S,1200000,231,2,2,587715.2744498777
kitchen,MAX,tall_complex.instance,nucs-fd,SC,29608,409,11.847767469972288,15,14298.661369193149
kitchen,MAX,tall_complex.instance,or-tools_cp-sat-free,SC,2089,409,19.654125026581276,15,2014.0660146699267
kitchen,MAX,tall_complex.instance,or-tools_cp-sat-ls-free,S,1200000,409,6,15,301852.08190709044
kitchen,MAX,tall_complex.instance,picatsat-free,SC,10952,409,14.60099550282039,15,4402.516503667482
kitchen,MAX,tall_complex.instance,pumpkin-free,SC,2532,409,19.654125026581276,15,1942.4914425427874
kitchen,MAX,tall_complex.instance,qiuqi-mixsolver-free,S,1200000,409,6,15,302707.46026894863
kitchen,MAX,tall_complex.instance,sabori_csp-free,SC,6735,409,16.14572794175325,15,2806.417481662592
kitchen,MAX,tall_complex.instance,scip-free,SC,20936,409,12.72696850436596,15,10407.311124694377
kitchen,MAX,tall_complex.instance,sicstus_prolog-free,S,1200000,272,4,4,519314.5158924205
kitchen,MAX,tall_complex.instance,thornbill-free,SC,18038,409,12.992894970313706,15,7071.948044009781
kitchen,MAX,tall_complex.instance,yuck-free,S,1200000,223,1,1,793468.4046454767
multiple-constant-multiplication,MIN,CHEN99_28B,atlantis-free,UNK,1200000, ,0,0,1200000
multiple-constant-multiplication,MIN,CHEN99_28B,cbc-free,UNK,1200000, ,0,0,1200000
multiple-constant-multiplication,MIN,CHEN99_28B,choco-solver__cp_-free,UNK,1200000, ,0,0,1200000
multiple-constant-multiplication,MIN,CHEN99_28B,choco-solver__cp_lcg_-free,UNK,1200000, ,0,0,1200000
multiple-constant-multiplication,MIN,CHEN99_28B,chuffed-free,SC,12192,9,21.692764599190802,21,6462.75
multiple-constant-multiplication,MIN,CHEN99_28B,cp_optimizer-free,SC,6952,9,22.73333661829067,21,6949.75
multiple-constant-multiplication,MIN,CHEN99_28B,cplex-free,UNK,1200000, ,0,0,1200000
multiple-constant-multiplication,MIN,CHEN99_28B,crusher-free,UNK,1200000, ,0,0,1200000
multiple-constant-multiplication,MIN,CHEN99_28B,gecode-fd,UNK,1200000, ,0,0,1200000
multiple-constant-multiplication,MIN,CHEN99_28B,gecode___scheduling_portfolio__experimental_-free,UNK,1200000, ,0,0,1200000
multiple-constant-multiplication,MIN,CHEN99_28B,gurobi_12-free,SC,796400,9,17.737515036028363,21,796315.25
multiple-constant-multiplication,MIN,CHEN99_28B,highs-free,SC,407781,9,18.275543855282983,21,407675.25
multiple-constant-multiplication,MIN,CHEN99_28B,huub-free,SC,7623,9,22.50094342290235,21,6488.25
multiple-constant-multiplication,MIN,CHEN99_28B,huub__difference_logic_-free,SC,7951,9,22.50094342290235,21,6787
multiple-constant-multiplication,MIN,CHEN99_28B,jacop-free,SC,416680,9,18.25739460429768,21,320929
multiple-constant-multiplication,MIN,CHEN99_28B,nucs-fd,UNK,1200000, ,0,0,1200000
multiple-constant-multiplication,MIN,CHEN99_28B,or-tools_cp-sat-free,SC,8665,9,22.29842486480189,21,7819.75
multiple-constant-multiplication,MIN,CHEN99_28B,or-tools_cp-sat-ls-free,UNK,1200000, ,0,0,1200000
multiple-constant-multiplication,MIN,CHEN99_28B,picatsat-free,SC,5048,9,23.003133576302904,21,3639.5
multiple-constant-multiplication,MIN,CHEN99_28B,pumpkin-free,UNK,1200000, ,0,0,1200000
multiple-constant-multiplication,MIN,CHEN99_28B,qiuqi-mixsolver-free,UNK,1200000, ,0,0,1200000
multiple-constant-multiplication,MIN,CHEN99_28B,sabori_csp-free,UNK,1200000, ,0,0,1200000
multiple-constant-multiplication,MIN,CHEN99_28B,scip-free,UNK,1200000, ,0,0,1200000
multiple-constant-multiplication,MIN,CHEN99_28B,sicstus_prolog-free,UNK,1200000, ,0,0,1200000
multiple-constant-multiplication,MIN,CHEN99_28B,thornbill-free,UNK,1200000, ,0,0,1200000
multiple-constant-multiplication,MIN,CHEN99_28B,yuck-free,UNK,1200000, ,0,0,1200000
multiple-constant-multiplication,MIN,HIGHPASS_15,atlantis-free,UNK,1200000, ,0,0,1200000
multiple-constant-multiplication,MIN,HIGHPASS_15,cbc-free,UNK,1200000, ,0,0,1200000
multiple-constant-multiplication,MIN,HIGHPASS_15,choco-solver__cp_-free,S,1200000,12,15.5,19,342540
multiple-constant-multiplication,MIN,HIGHPASS_15,choco-solver__cp_lcg_-free,S,1200000,12,15.5,19,383332.5
multiple-constant-multiplication,MIN,HIGHPASS_15,chuffed-free,S,1200000,12,15.5,19,301968
multiple-constant-multiplication,MIN,HIGHPASS_15,cp_optimizer-free,SC,1771,12,24.76809574613765,19,1770.25
multiple-constant-multiplication,MIN,HIGHPASS_15,cplex-free,UNK,1200000, ,0,0,1200000
multiple-constant-multiplication,MIN,HIGHPASS_15,crusher-free,UNK,1200000, ,0,0,1200000
multiple-constant-multiplication,MIN,HIGHPASS_15,gecode-fd,UNK,1200000, ,0,0,1200000
multiple-constant-multiplication,MIN,HIGHPASS_15,gecode___scheduling_portfolio__experimental_-free,UNK,1200000, ,0,0,1200000
multiple-constant-multiplication,MIN,HIGHPASS_15,gurobi_12-free,SC,25315,12,21.811537521101066,19,25312.75
multiple-constant-multiplication,MIN,HIGHPASS_15,highs-free,SC,875980,12,19.123562492896355,19,875885.5
multiple-constant-multiplication,MIN,HIGHPASS_15,huub-free,SC,16987,12,22.38799601305579,19,7667.5
multiple-constant-multiplication,MIN,HIGHPASS_15,huub__difference_logic_-free,SC,17881,12,22.310185604708344,19,6695.5
multiple-constant-multiplication,MIN,HIGHPASS_15,jacop-free,S,1200000,12,15.5,19,302218.5
multiple-constant-multiplication,MIN,HIGHPASS_15,nucs-fd,UNK,1200000, ,0,0,1200000
multiple-constant-multiplication,MIN,HIGHPASS_15,or-tools_cp-sat-free,SC,32391,12,21.49850586835276,19,11401.5
multiple-constant-multiplication,MIN,HIGHPASS_15,or-tools_cp-sat-ls-free,S,1200000,12,15.5,19,354315.75
multiple-constant-multiplication,MIN,HIGHPASS_15,picatsat-free,SC,20664,12,22.10011675374804,19,6569.25
multiple-constant-multiplication,MIN,HIGHPASS_15,pumpkin-free,S,1200000,12,15.5,19,330207.75
multiple-constant-multiplication,MIN,HIGHPASS_15,qiuqi-mixsolver-free,UNK,1200000, ,0,0,1200000
multiple-constant-multiplication,MIN,HIGHPASS_15,sabori_csp-free,UNK,1200000, ,0,0,1200000
multiple-constant-multiplication,MIN,HIGHPASS_15,scip-free,UNK,1200000, ,0,0,1200000
multiple-constant-multiplication,MIN,HIGHPASS_15,sicstus_prolog-free,UNK,1200000, ,0,0,1200000
multiple-constant-multiplication,MIN,HIGHPASS_15,thornbill-free,UNK,1200000, ,0,0,1200000
multiple-constant-multiplication,MIN,HIGHPASS_15,yuck-free,UNK,1200000, ,0,0,1200000
multiple-constant-multiplication,MIN,JOHANSSON08_28,atlantis-free,UNK,1200000, ,0,0,1200000
multiple-constant-multiplication,MIN,JOHANSSON08_28,cbc-free,UNK,1200000, ,0,0,1200000
multiple-constant-multiplication,MIN,JOHANSSON08_28,choco-solver__cp_-free,UNK,1200000, ,0,0,1200000
multiple-constant-multiplication,MIN,JOHANSSON08_28,choco-solver__cp_lcg_-free,UNK,1200000, ,0,0,1200000
multiple-constant-multiplication,MIN,JOHANSSON08_28,chuffed-free,S,1200000,12,20,22.5,322327.5
multiple-constant-multiplication,MIN,JOHANSSON08_28,cp_optimizer-free,SC,72315,12,22.481491918773308,22.5,72312
multiple-constant-multiplication,MIN,JOHANSSON08_28,cplex-free,UNK,1200000, ,0,0,1200000
multiple-constant-multiplication,MIN,JOHANSSON08_28,crusher-free,UNK,1200000, ,0,0,1200000
multiple-constant-multiplication,MIN,JOHANSSON08_28,gecode-fd,UNK,1200000, ,0,0,1200000
multiple-constant-multiplication,MIN,JOHANSSON08_28,gecode___scheduling_portfolio__experimental_-free,UNK,1200000, ,0,0,1200000
multiple-constant-multiplication,MIN,JOHANSSON08_28,gurobi_12-free,UNK,1200000, ,0,0,1200000
multiple-constant-multiplication,MIN,JOHANSSON08_28,highs-free,UNK,1200000, ,0,0,1200000
multiple-constant-multiplication,MIN,JOHANSSON08_28,huub-free,SC,55298,12,22.80328763964601,22.5,31286.75
multiple-constant-multiplication,MIN,JOHANSSON08_28,huub__difference_logic_-free,SC,28668,12,23.614229549778056,22.5,15052.5
multiple-constant-multiplication,MIN,JOHANSSON08_28,jacop-free,UNK,1200000, ,0,0,1200000
multiple-constant-multiplication,MIN,JOHANSSON08_28,nucs-fd,UNK,1200000, ,0,0,1200000
multiple-constant-multiplication,MIN,JOHANSSON08_28,or-tools_cp-sat-free,SC,42332,12,23.131922589980107,22.5,17249
multiple-constant-multiplication,MIN,JOHANSSON08_28,or-tools_cp-sat-ls-free,UNK,1200000, ,0,0,1200000
multiple-constant-multiplication,MIN,JOHANSSON08_28,picatsat-free,SC,48345,12,22.969068301822517,22.5,14568.75
multiple-constant-multiplication,MIN,JOHANSSON08_28,pumpkin-free,UNK,1200000, ,0,0,1200000
multiple-constant-multiplication,MIN,JOHANSSON08_28,qiuqi-mixsolver-free,UNK,1200000, ,0,0,1200000
multiple-constant-multiplication,MIN,JOHANSSON08_28,sabori_csp-free,UNK,1200000, ,0,0,1200000
multiple-constant-multiplication,MIN,JOHANSSON08_28,scip-free,UNK,1200000, ,0,0,1200000
multiple-constant-multiplication,MIN,JOHANSSON08_28,sicstus_prolog-free,UNK,1200000, ,0,0,1200000
multiple-constant-multiplication,MIN,JOHANSSON08_28,thornbill-free,UNK,1200000, ,0,0,1200000
multiple-constant-multiplication,MIN,JOHANSSON08_28,yuck-free,UNK,1200000, ,0,0,1200000
multiple-constant-multiplication,MIN,LOWPASS_9,atlantis-free,UNK,1200000, ,0,0,1200000
multiple-constant-multiplication,MIN,LOWPASS_9,cbc-free,UNK,1200000, ,0,0,1200000
multiple-constant-multiplication,MIN,LOWPASS_9,choco-solver__cp_-free,UNK,1200000, ,0,0,1200000
multiple-constant-multiplication,MIN,LOWPASS_9,choco-solver__cp_lcg_-free,UNK,1200000, ,0,0,1200000
multiple-constant-multiplication,MIN,LOWPASS_9,chuffed-free,S,1200000,12,20,22.5,302296.5
multiple-constant-multiplication,MIN,LOWPASS_9,cp_optimizer-free,SC,8981,12,24.162420659073128,22.5,8981
multiple-constant-multiplication,MIN,LOWPASS_9,cplex-free,UNK,1200000, ,0,0,1200000
multiple-constant-multiplication,MIN,LOWPASS_9,crusher-free,UNK,1200000, ,0,0,1200000
multiple-constant-multiplication,MIN,LOWPASS_9,gecode-fd,UNK,1200000, ,0,0,1200000
multiple-constant-multiplication,MIN,LOWPASS_9,gecode___scheduling_portfolio__experimental_-free,UNK,1200000, ,0,0,1200000
multiple-constant-multiplication,MIN,LOWPASS_9,gurobi_12-free,UNK,1200000, ,0,0,1200000
multiple-constant-multiplication,MIN,LOWPASS_9,highs-free,UNK,1200000, ,0,0,1200000
multiple-constant-multiplication,MIN,LOWPASS_9,huub-free,SC,45918,12,22.279763105928478,22.5,26631
multiple-constant-multiplication,MIN,LOWPASS_9,huub__difference_logic_-free,SC,32272,12,22.660224521241467,22.5,16582.75
multiple-constant-multiplication,MIN,LOWPASS_9,jacop-free,UNK,1200000, ,0,0,1200000
multiple-constant-multiplication,MIN,LOWPASS_9,nucs-fd,UNK,1200000, ,0,0,1200000
multiple-constant-multiplication,MIN,LOWPASS_9,or-tools_cp-sat-free,SC,27711,12,22.85594430992736,22.5,11406
multiple-constant-multiplication,MIN,LOWPASS_9,or-tools_cp-sat-ls-free,UNK,1200000, ,0,0,1200000
multiple-constant-multiplication,MIN,LOWPASS_9,picatsat-free,SC,23107,12,23.041647403829568,22.5,7348
multiple-constant-multiplication,MIN,LOWPASS_9,pumpkin-free,UNK,1200000, ,0,0,1200000
multiple-constant-multiplication,MIN,LOWPASS_9,qiuqi-mixsolver-free,UNK,1200000, ,0,0,1200000
multiple-constant-multiplication,MIN,LOWPASS_9,sabori_csp-free,UNK,1200000, ,0,0,1200000
multiple-constant-multiplication,MIN,LOWPASS_9,scip-free,UNK,1200000, ,0,0,1200000
multiple-constant-multiplication,MIN,LOWPASS_9,sicstus_prolog-free,UNK,1200000, ,0,0,1200000
multiple-constant-multiplication,MIN,LOWPASS_9,thornbill-free,UNK,1200000, ,0,0,1200000
multiple-constant-multiplication,MIN,LOWPASS_9,yuck-free,UNK,1200000, ,0,0,1200000
multiple-constant-multiplication,MIN,XU07_28,atlantis-free,UNK,1200000, ,0,0,1200000
multiple-constant-multiplication,MIN,XU07_28,cbc-free,UNK,1200000, ,0,0,1200000
multiple-constant-multiplication,MIN,XU07_28,choco-solver__cp_-free,UNK,1200000, ,0,0,1200000
multiple-constant-multiplication,MIN,XU07_28,choco-solver__cp_lcg_-free,UNK,1200000, ,0,0,1200000
multiple-constant-multiplication,MIN,XU07_28,chuffed-free,SC,8826,8,21.65774648030311,20.5,8081.25
multiple-constant-multiplication,MIN,XU07_28,cp_optimizer-free,SC,5966,8,22.462603413257973,20.5,5966
multiple-constant-multiplication,MIN,XU07_28,cplex-free,UNK,1200000, ,0,0,1200000
multiple-constant-multiplication,MIN,XU07_28,crusher-free,UNK,1200000, ,0,0,1200000
multiple-constant-multiplication,MIN,XU07_28,gecode-fd,UNK,1200000, ,0,0,1200000
multiple-constant-multiplication,MIN,XU07_28,gecode___scheduling_portfolio__experimental_-free,UNK,1200000, ,0,0,1200000
multiple-constant-multiplication,MIN,XU07_28,gurobi_12-free,SC,17844,8,20.410363030543376,20.5,17842.5
multiple-constant-multiplication,MIN,XU07_28,highs-free,SC,959378,8,16.49085696272914,20.5,959252
multiple-constant-multiplication,MIN,XU07_28,huub-free,SC,7278,8,21.888335898004748,20.5,6756.75
multiple-constant-multiplication,MIN,XU07_28,huub__difference_logic_-free,SC,7323,8,21.888335898004748,20.5,6777.75
multiple-constant-multiplication,MIN,XU07_28,jacop-free,SC,144895,8,17.96538751287894,20.5,136705
multiple-constant-multiplication,MIN,XU07_28,nucs-fd,UNK,1200000, ,0,0,1200000
multiple-constant-multiplication,MIN,XU07_28,or-tools_cp-sat-free,SC,7108,8,21.888335898004748,20.5,6973.75
multiple-constant-multiplication,MIN,XU07_28,or-tools_cp-sat-ls-free,UNK,1200000, ,0,0,1200000
multiple-constant-multiplication,MIN,XU07_28,picatsat-free,SC,3728,8,23.271653862307353,20.5,2792.75
multiple-constant-multiplication,MIN,XU07_28,pumpkin-free,SC,420872,8,17.076381043965863,20.5,414611.75
multiple-constant-multiplication,MIN,XU07_28,qiuqi-mixsolver-free,UNK,1200000, ,0,0,1200000
multiple-constant-multiplication,MIN,XU07_28,sabori_csp-free,UNK,1200000, ,0,0,1200000
multiple-constant-multiplication,MIN,XU07_28,scip-free,UNK,1200000, ,0,0,1200000
multiple-constant-multiplication,MIN,XU07_28,sicstus_prolog-free,UNK,1200000, ,0,0,1200000
multiple-constant-multiplication,MIN,XU07_28,thornbill-free,UNK,1200000, ,0,0,1200000
multiple-constant-multiplication,MIN,XU07_28,yuck-free,UNK,1200000, ,0,0,1200000
nonogram,SAT,easy_01,atlantis-free,UNK,1200000, ,0,0,1200000
nonogram,SAT,easy_01,cbc-free,S,48164, ,4.206219235485296,4.206219235485296,48164
nonogram,SAT,easy_01,choco-solver__cp_-free,S,4755, ,11.23284493284493,11.23284493284493,4755
nonogram,SAT,easy_01,choco-solver__cp_lcg_-free,S,6010, ,9.54105339105339,9.54105339105339,6010
nonogram,SAT,easy_01,chuffed-free,S,1405, ,17.697845804988667,17.697845804988667,1405
nonogram,SAT,easy_01,cp_optimizer-free,S,1629, ,17.697845804988667,17.697845804988667,1629
nonogram,SAT,easy_01,cplex-free,S,2707, ,14.442467532467534,14.442467532467534,2707
nonogram,SAT,easy_01,crusher-free,UNK,1200000, ,0,0,1200000
nonogram,SAT,easy_01,gecode-fd,S,1465, ,17.697845804988667,17.697845804988667,1465
nonogram,SAT,easy_01,gecode___scheduling_portfolio__experimental_-free,S,1916, ,17.697845804988667,17.697845804988667,1916
nonogram,SAT,easy_01,gurobi_12-free,S,2632, ,14.442467532467534,14.442467532467534,2632
nonogram,SAT,easy_01,highs-free,S,8282, ,8.46135759665171,8.46135759665171,8282
nonogram,SAT,easy_01,huub-free,S,1379, ,17.697845804988667,17.697845804988667,1379
nonogram,SAT,easy_01,huub__difference_logic_-free,S,1312, ,17.697845804988667,17.697845804988667,1312
nonogram,SAT,easy_01,jacop-free,S,3111, ,12.530245734657498,12.530245734657498,3111
nonogram,SAT,easy_01,nucs-fd,S,9376, ,8.051263751728143,8.051263751728143,9376
nonogram,SAT,easy_01,or-tools_cp-sat-free,S,2108, ,14.442467532467534,14.442467532467534,2108
nonogram,SAT,easy_01,or-tools_cp-sat-ls-free,S,5532, ,10.279106375804488,10.279106375804488,5532
nonogram,SAT,easy_01,picatsat-free,S,1367, ,17.697845804988667,17.697845804988667,1367
nonogram,SAT,easy_01,pumpkin-free,S,1914, ,17.697845804988667,17.697845804988667,1914
nonogram,SAT,easy_01,qiuqi-mixsolver-free,S,4873, ,11.23284493284493,11.23284493284493,4873
nonogram,SAT,easy_01,sabori_csp-free,S,1601, ,17.697845804988667,17.697845804988667,1601
nonogram,SAT,easy_01,scip-free,S,8763, ,8.46135759665171,8.46135759665171,8763
nonogram,SAT,easy_01,sicstus_prolog-free,S,1668, ,17.697845804988663,17.697845804988663,1668
nonogram,SAT,easy_01,thornbill-free,S,1551, ,17.697845804988663,17.697845804988663,1551
nonogram,SAT,easy_01,yuck-free,UNK,1200000, ,0,0,1200000
nonogram,SAT,hard_01,atlantis-free,UNK,1200000, ,0,0,1200000
nonogram,SAT,hard_01,cbc-free,UNK,1200000, ,0,0,1200000
nonogram,SAT,hard_01,choco-solver__cp_-free,UNK,1200000, ,0,0,1200000
nonogram,SAT,hard_01,choco-solver__cp_lcg_-free,UNK,1200000, ,0,0,1200000
nonogram,SAT,hard_01,chuffed-free,S,228286, ,22.683906496660118,22.683906496660118,228286
nonogram,SAT,hard_01,cp_optimizer-free,S,849679, ,21.139765619591905,21.139765619591905,849679
nonogram,SAT,hard_01,cplex-free,UNK,1200000, ,0,0,1200000
nonogram,SAT,hard_01,crusher-free,UNK,1200000, ,0,0,1200000
nonogram,SAT,hard_01,gecode-fd,UNK,1200000, ,0,0,1200000
nonogram,SAT,hard_01,gecode___scheduling_portfolio__experimental_-free,UNK,1200000, ,0,0,1200000
nonogram,SAT,hard_01,gurobi_12-free,UNK,1200000, ,0,0,1200000
nonogram,SAT,hard_01,highs-free,UNK,1200000, ,0,0,1200000
nonogram,SAT,hard_01,huub-free,S,218213, ,22.738290706485273,22.738290706485273,218213
nonogram,SAT,hard_01,huub__difference_logic_-free,S,227396, ,22.68924577641078,22.68924577641078,227396
nonogram,SAT,hard_01,jacop-free,UNK,1200000, ,0,0,1200000
nonogram,SAT,hard_01,nucs-fd,UNK,1200000, ,0,0,1200000
nonogram,SAT,hard_01,or-tools_cp-sat-free,S,756027, ,21.262082578849203,21.262082578849203,756027
nonogram,SAT,hard_01,or-tools_cp-sat-ls-free,UNK,1200000, ,0,0,1200000
nonogram,SAT,hard_01,picatsat-free,S,37412, ,24.486708822002722,24.486708822002722,37412
nonogram,SAT,hard_01,pumpkin-free,UNK,1200000, ,0,0,1200000
nonogram,SAT,hard_01,qiuqi-mixsolver-free,UNK,1200000, ,0,0,1200000
nonogram,SAT,hard_01,sabori_csp-free,UNK,1200000, ,0,0,1200000
nonogram,SAT,hard_01,scip-free,UNK,1200000, ,0,0,1200000
nonogram,SAT,hard_01,sicstus_prolog-free,UNK,1200000, ,0,0,1200000
nonogram,SAT,hard_01,thornbill-free,UNK,1200000, ,0,0,1200000
nonogram,SAT,hard_01,yuck-free,UNK,1200000, ,0,0,1200000
nonogram,SAT,hard_02,atlantis-free,UNK,1200000, ,0,0,1200000
nonogram,SAT,hard_02,cbc-free,UNK,1200000, ,0,0,1200000
nonogram,SAT,hard_02,choco-solver__cp_-free,UNK,1200000, ,0,0,1200000
nonogram,SAT,hard_02,choco-solver__cp_lcg_-free,UNK,1200000, ,0,0,1200000
nonogram,SAT,hard_02,chuffed-free,S,10904, ,23.02559058476629,23.02559058476629,10904
nonogram,SAT,hard_02,cp_optimizer-free,S,48125, ,20.54077846622194,20.54077846622194,48125
nonogram,SAT,hard_02,cplex-free,UNK,1200000, ,0,0,1200000
nonogram,SAT,hard_02,crusher-free,UNK,1200000, ,0,0,1200000
nonogram,SAT,hard_02,gecode-fd,UNK,1200000, ,0,0,1200000
nonogram,SAT,hard_02,gecode___scheduling_portfolio__experimental_-free,UNK,1200000, ,0,0,1200000
nonogram,SAT,hard_02,gurobi_12-free,UNK,1200000, ,0,0,1200000
nonogram,SAT,hard_02,highs-free,UNK,1200000, ,0,0,1200000
nonogram,SAT,hard_02,huub-free,S,14885, ,22.505625127845722,22.505625127845722,14885
nonogram,SAT,hard_02,huub__difference_logic_-free,S,15847, ,22.395271619005523,22.395271619005523,15847
nonogram,SAT,hard_02,jacop-free,S,368984, ,18.421859506431467,18.421859506431467,368984
nonogram,SAT,hard_02,nucs-fd,UNK,1200000, ,0,0,1200000
nonogram,SAT,hard_02,or-tools_cp-sat-free,S,40166, ,20.81513012566311,20.81513012566311,40166
nonogram,SAT,hard_02,or-tools_cp-sat-ls-free,UNK,1200000, ,0,0,1200000
nonogram,SAT,hard_02,picatsat-free,S,9897, ,23.18028484208693,23.18028484208693,9897
nonogram,SAT,hard_02,pumpkin-free,UNK,1200000, ,0,0,1200000
nonogram,SAT,hard_02,qiuqi-mixsolver-free,UNK,1200000, ,0,0,1200000
nonogram,SAT,hard_02,sabori_csp-free,S,33288, ,21.115459727979022,21.115459727979022,33288
nonogram,SAT,hard_02,scip-free,UNK,1200000, ,0,0,1200000
nonogram,SAT,hard_02,sicstus_prolog-free,UNK,1200000, ,0,0,1200000
nonogram,SAT,hard_02,thornbill-free,UNK,1200000, ,0,0,1200000
nonogram,SAT,hard_02,yuck-free,UNK,1200000, ,0,0,1200000
nonogram,SAT,hard_03,atlantis-free,UNK,1200000, ,0,0,1200000
nonogram,SAT,hard_03,cbc-free,UNK,1200000, ,0,0,1200000
nonogram,SAT,hard_03,choco-solver__cp_-free,UNK,1200000, ,0,0,1200000
nonogram,SAT,hard_03,choco-solver__cp_lcg_-free,UNK,1200000, ,0,0,1200000
nonogram,SAT,hard_03,chuffed-free,S,46045, ,23.925939416935435,23.925939416935435,46045
nonogram,SAT,hard_03,cp_optimizer-free,UNK,1200000, ,0,0,1200000
nonogram,SAT,hard_03,cplex-free,UNK,1200000, ,0,0,1200000
nonogram,SAT,hard_03,crusher-free,UNK,1200000, ,0,0,1200000
nonogram,SAT,hard_03,gecode-fd,UNK,1200000, ,0,0,1200000
nonogram,SAT,hard_03,gecode___scheduling_portfolio__experimental_-free,UNK,1200000, ,0,0,1200000
nonogram,SAT,hard_03,gurobi_12-free,UNK,1200000, ,0,0,1200000
nonogram,SAT,hard_03,highs-free,UNK,1200000, ,0,0,1200000
nonogram,SAT,hard_03,huub-free,S,129966, ,22.667736274845087,22.667736274845087,129966
nonogram,SAT,hard_03,huub__difference_logic_-free,S,134559, ,22.61769364463995,22.61769364463995,134559
nonogram,SAT,hard_03,jacop-free,UNK,1200000, ,0,0,1200000
nonogram,SAT,hard_03,nucs-fd,UNK,1200000, ,0,0,1200000
nonogram,SAT,hard_03,or-tools_cp-sat-free,S,205101, ,22.062694699907848,22.062694699907848,205101
nonogram,SAT,hard_03,or-tools_cp-sat-ls-free,UNK,1200000, ,0,0,1200000
nonogram,SAT,hard_03,picatsat-free,S,104224, ,22.949567199905285,22.949567199905285,104224
nonogram,SAT,hard_03,pumpkin-free,UNK,1200000, ,0,0,1200000
nonogram,SAT,hard_03,qiuqi-mixsolver-free,UNK,1200000, ,0,0,1200000
nonogram,SAT,hard_03,sabori_csp-free,S,654770, ,20.7763687637664,20.7763687637664,654770
nonogram,SAT,hard_03,scip-free,UNK,1200000, ,0,0,1200000
nonogram,SAT,hard_03,sicstus_prolog-free,UNK,1200000, ,0,0,1200000
nonogram,SAT,hard_03,thornbill-free,UNK,1200000, ,0,0,1200000
nonogram,SAT,hard_03,yuck-free,UNK,1200000, ,0,0,1200000
nonogram,SAT,medium_05,atlantis-free,UNK,1200000, ,0,0,1200000
nonogram,SAT,medium_05,cbc-free,UNK,1200000, ,0,0,1200000
nonogram,SAT,medium_05,choco-solver__cp_-free,S,20877, ,14.902446340532363,14.902446340532363,20877
nonogram,SAT,medium_05,choco-solver__cp_lcg_-free,S,514938, ,10.41533879591321,10.41533879591321,514938
nonogram,SAT,medium_05,chuffed-free,S,1512, ,22.310478451766883,22.310478451766883,1512
nonogram,SAT,medium_05,cp_optimizer-free,S,5035, ,18.37569869785713,18.37569869785713,5035
nonogram,SAT,medium_05,cplex-free,S,101852, ,11.95200302020601,11.95200302020601,101852
nonogram,SAT,medium_05,crusher-free,UNK,1200000, ,0,0,1200000
nonogram,SAT,medium_05,gecode-fd,S,2129, ,20.7369488723021,20.7369488723021,2129
nonogram,SAT,medium_05,gecode___scheduling_portfolio__experimental_-free,S,4772, ,18.962311662311663,18.962311662311663,4772
nonogram,SAT,medium_05,gurobi_12-free,UNK,1200000, ,0,0,1200000
nonogram,SAT,medium_05,highs-free,UNK,1200000, ,0,0,1200000
nonogram,SAT,medium_05,huub-free,S,1664, ,22.310478451766883,22.310478451766883,1664
nonogram,SAT,medium_05,huub__difference_logic_-free,S,1756, ,22.310478451766883,22.310478451766883,1756
nonogram,SAT,medium_05,jacop-free,S,32149, ,13.886178232768234,13.886178232768234,32149
nonogram,SAT,medium_05,nucs-fd,UNK,1200000, ,0,0,1200000
nonogram,SAT,medium_05,or-tools_cp-sat-free,S,5940, ,18.37569869785713,18.37569869785713,5940
nonogram,SAT,medium_05,or-tools_cp-sat-ls-free,UNK,1200000, ,0,0,1200000
nonogram,SAT,medium_05,picatsat-free,S,2425, ,20.7369488723021,20.7369488723021,2425
nonogram,SAT,medium_05,pumpkin-free,S,17915, ,15.279019244270295,15.279019244270295,17915
nonogram,SAT,medium_05,qiuqi-mixsolver-free,UNK,1200000, ,0,0,1200000
nonogram,SAT,medium_05,sabori_csp-free,S,18896, ,15.145263264489301,15.145263264489301,18896
nonogram,SAT,medium_05,scip-free,UNK,1200000, ,0,0,1200000
nonogram,SAT,medium_05,sicstus_prolog-free,S,3966, ,19.71238888308731,19.71238888308731,3966
nonogram,SAT,medium_05,thornbill-free,S,23545, ,14.588320060802488,14.588320060802488,23545
nonogram,SAT,medium_05,yuck-free,UNK,1200000, ,0,0,1200000
nside,MAX,EASY_1000_100,atlantis-free,S,1200000,5561,14,14,358555.99427609425
nside,MAX,EASY_1000_100,cbc-free,UNK,1200000, ,0,0,1200000
nside,MAX,EASY_1000_100,choco-solver__cp_-free,S,1200000,5606,16,16,441893.8
nside,MAX,EASY_1000_100,choco-solver__cp_lcg_-free,S,1200000,5596,15,15,636294.8988215488
nside,MAX,EASY_1000_100,chuffed-free,S,1200000,5631,21.5,21.5,370343.3026936026
nside,MAX,EASY_1000_100,cp_optimizer-free,S,1200000,5638,25,25,328425.2772727273
nside,MAX,EASY_1000_100,cplex-free,UNK,1200000, ,0,0,1200000
nside,MAX,EASY_1000_100,crusher-free,S,1200000,5534,11,11,835139.7851851851
nside,MAX,EASY_1000_100,gecode-fd,S,1200000,4987,4.5,4.5,584439.311952862
nside,MAX,EASY_1000_100,gecode___scheduling_portfolio__experimental_-free,S,1200000,5023,6,6,558041.1572390572
nside,MAX,EASY_1000_100,gurobi_12-free,S,1200000,4249,3,3,935315.4616161616
nside,MAX,EASY_1000_100,highs-free,UNK,1200000, ,0,0,1200000
nside,MAX,EASY_1000_100,huub-free,S,1200000,5630,20,20,389297.137037037
nside,MAX,EASY_1000_100,huub__difference_logic_-free,S,1200000,5634,24,24,363020.0375420875
nside,MAX,EASY_1000_100,jacop-free,S,1200000,5487,9,9,481974.4927609428
nside,MAX,EASY_1000_100,nucs-fd,S,1200000,4987,4.5,4.5,599166.1589225589
nside,MAX,EASY_1000_100,or-tools_cp-sat-free,S,1200000,5548,12,12,382341.5634680134
nside,MAX,EASY_1000_100,or-tools_cp-sat-ls-free,S,1200000,5400,8,8,418101.0451178451
nside,MAX,EASY_1000_100,picatsat-free,S,1200000,5516,10,10,604503.9988215489
nside,MAX,EASY_1000_100,pumpkin-free,S,1200000,5553,13,13,357171.23754208756
nside,MAX,EASY_1000_100,qiuqi-mixsolver-free,S,1200000,5620,18,18,333055.1442760943
nside,MAX,EASY_1000_100,sabori_csp-free,S,1200000,5631,21.5,21.5,317620.79292929295
nside,MAX,EASY_1000_100,scip-free,S,1200000,5355,7,7,631794.0678451178
nside,MAX,EASY_1000_100,sicstus_prolog-free,S,1200000,5629,19,19,407723.7045454545
nside,MAX,EASY_1000_100,thornbill-free,S,1200000,5632,23,23,338738.8072390572
nside,MAX,EASY_1000_100,yuck-free,S,1200000,5619,17,17,339406.7405723906
nside,MAX,EASY_2000_500,atlantis-free,ERR, , ,0,0,1200000
nside,MAX,EASY_2000_500,cbc-free,UNK,1200000, ,0,0,1200000
nside,MAX,EASY_2000_500,choco-solver__cp_-free,UNK,1200000, ,0,0,1200000
nside,MAX,EASY_2000_500,choco-solver__cp_lcg_-free,UNK,1200000, ,0,0,1200000
nside,MAX,EASY_2000_500,chuffed-free,S,1200000,20834,15,15,854913.9487612611
nside,MAX,EASY_2000_500,cp_optimizer-free,S,1200000,25228,20,20,645072.5699449446
nside,MAX,EASY_2000_500,cplex-free,ERR, , ,0,0,1200000
nside,MAX,EASY_2000_500,crusher-free,UNK,1200000, ,0,0,1200000
nside,MAX,EASY_2000_500,gecode-fd,S,1200000,22898,18,18,738619.1883758756
nside,MAX,EASY_2000_500,gecode___scheduling_portfolio__experimental_-free,UNK,1200000, ,0,0,1200000
nside,MAX,EASY_2000_500,gurobi_12-free,ERR, , ,0,0,1200000
nside,MAX,EASY_2000_500,highs-free,UNK,1200000, ,0,0,1200000
nside,MAX,EASY_2000_500,huub-free,S,1200000,20346,14,14,863989.3367742744
nside,MAX,EASY_2000_500,huub__difference_logic_-free,S,1200000,20157,13,13,874438.6095470471
nside,MAX,EASY_2000_500,jacop-free,UNK,1200000, ,0,0,1200000
nside,MAX,EASY_2000_500,nucs-fd,S,1200000,19854,12,12,916732.9999374375
nside,MAX,EASY_2000_500,or-tools_cp-sat-free,S,1200000,26892,21,21,406581.96509009006
nside,MAX,EASY_2000_500,or-tools_cp-sat-ls-free,S,1200000,27100,24.5,24.5,363942.6416416416
nside,MAX,EASY_2000_500,picatsat-free,S,1200000,23866,19,19,822554.9474474475
nside,MAX,EASY_2000_500,pumpkin-free,UNK,1200000, ,0,0,1200000
nside,MAX,EASY_2000_500,qiuqi-mixsolver-free,S,1200000,27100,24.5,24.5,363660.9535785786
nside,MAX,EASY_2000_500,sabori_csp-free,S,1200000,27002,22,22,412926.7535035035
nside,MAX,EASY_2000_500,scip-free,S,1200000,19108,11,11,923476
nside,MAX,EASY_2000_500,sicstus_prolog-free,S,1200000,21901,16,16,1024981.4326201198
nside,MAX,EASY_2000_500,thornbill-free,S,1200000,22551,17,17,772338.659722222
nside,MAX,EASY_2000_500,yuck-free,S,1200000,27078,23,23,397922.1285035035
nside,MAX,HARD_1000_100,atlantis-free,UNK,1200000, ,0,0,1200000
nside,MAX,HARD_1000_100,cbc-free,UNK,1200000, ,0,0,1200000
nside,MAX,HARD_1000_100,choco-solver__cp_-free,S,1200000,5134,15,15,373880.15217810334
nside,MAX,HARD_1000_100,choco-solver__cp_lcg_-free,S,1200000,5254,18,18,643746.8417501927
nside,MAX,HARD_1000_100,chuffed-free,SC,799719,5395,23.126298507324083,23,268728.7259059366
nside,MAX,HARD_1000_100,cp_optimizer-free,SC,709666,5395,23.23967039736409,23,241798.20663068618
nside,MAX,HARD_1000_100,cplex-free,S,1200000,3076,8,8,1033849.7206052429
nside,MAX,HARD_1000_100,crusher-free,UNK,1200000, ,0,0,1200000
nside,MAX,HARD_1000_100,gecode-fd,S,1200000,3631,10.5,10.5,513880.1937162683
nside,MAX,HARD_1000_100,gecode___scheduling_portfolio__experimental_-free,UNK,1200000, ,0,0,1200000
nside,MAX,HARD_1000_100,gurobi_12-free,S,1200000,5321,19,19,504990.9424633769
nside,MAX,HARD_1000_100,highs-free,UNK,1200000, ,0,0,1200000
nside,MAX,HARD_1000_100,huub-free,S,1200000,4866,13,13,445130.5073245954
nside,MAX,HARD_1000_100,huub__difference_logic_-free,S,1200000,4886,14,14,443344.75539707043
nside,MAX,HARD_1000_100,jacop-free,S,1200000,1215,7,7,803742.2795875096
nside,MAX,HARD_1000_100,nucs-fd,S,1200000,3631,10.5,10.5,532279.8983230533
nside,MAX,HARD_1000_100,or-tools_cp-sat-free,S,1200000,5217,16,16,403650.48891673086
nside,MAX,HARD_1000_100,or-tools_cp-sat-ls-free,S,1200000,5232,17,17,360795.84252120275
nside,MAX,HARD_1000_100,picatsat-free,S,1200000,4430,12,12,956018.2822860447
nside,MAX,HARD_1000_100,pumpkin-free,S,1200000,3552,9,9,536854.2134734001
nside,MAX,HARD_1000_100,qiuqi-mixsolver-free,S,1200000,5395,21,23,333558.02303392446
nside,MAX,HARD_1000_100,sabori_csp-free,SC,412423,5395,23.764727500213393,23,150102.95855821122
nside,MAX,HARD_1000_100,scip-free,S,1200000,207,6,6,919416.25
nside,MAX,HARD_1000_100,sicstus_prolog-free,UNK,1200000, ,0,0,1200000
nside,MAX,HARD_1000_100,thornbill-free,SC,369740,5395,23.869303595098433,23,115878.57825751734
nside,MAX,HARD_1000_100,yuck-free,S,1200000,5391,20,20,347927.53835774865
nside,MAX,MEDIUM_2000_500,atlantis-free,UNK,1200000, ,0,0,1200000
nside,MAX,MEDIUM_2000_500,cbc-free,UNK,1200000, ,0,0,1200000
nside,MAX,MEDIUM_2000_500,choco-solver__cp_-free,UNK,1200000, ,0,0,1200000
nside,MAX,MEDIUM_2000_500,choco-solver__cp_lcg_-free,UNK,1200000, ,0,0,1200000
nside,MAX,MEDIUM_2000_500,chuffed-free,S,1200000,17061,18,18,595250.9372946541
nside,MAX,MEDIUM_2000_500,cp_optimizer-free,S,1200000,10839,13,13,753171.2285087552
nside,MAX,MEDIUM_2000_500,cplex-free,UNK,1200000, ,0,0,1200000
nside,MAX,MEDIUM_2000_500,crusher-free,UNK,1200000, ,0,0,1200000
nside,MAX,MEDIUM_2000_500,gecode-fd,S,1200000,16340,16.5,16.5,577334.7646979243
nside,MAX,MEDIUM_2000_500,gecode___scheduling_portfolio__experimental_-free,ERR, , ,0,0,1200000
nside,MAX,MEDIUM_2000_500,gurobi_12-free,UNK,1200000, ,0,0,1200000
nside,MAX,MEDIUM_2000_500,highs-free,UNK,1200000, ,0,0,1200000
nside,MAX,MEDIUM_2000_500,huub-free,S,1200000,16212,14.5,14.5,626751.7527443855
nside,MAX,MEDIUM_2000_500,huub__difference_logic_-free,S,1200000,16212,14.5,14.5,626981.3122221791
nside,MAX,MEDIUM_2000_500,jacop-free,S,1200000,2112,11,11,930372.6244733485
nside,MAX,MEDIUM_2000_500,nucs-fd,S,1200000,16340,16.5,16.5,648652.7341811296
nside,MAX,MEDIUM_2000_500,or-tools_cp-sat-free,S,1200000,19112,20,20,601480.3955394072
nside,MAX,MEDIUM_2000_500,or-tools_cp-sat-ls-free,S,1200000,26579,23,23,538394.899114839
nside,MAX,MEDIUM_2000_500,picatsat-free,S,1200000,10670,12,12,887440.4492965096
nside,MAX,MEDIUM_2000_500,pumpkin-free,S,1200000,19349,21,21,620152.2426945228
nside,MAX,MEDIUM_2000_500,qiuqi-mixsolver-free,S,1200000,27069,25,25,406992.1760948553
nside,MAX,MEDIUM_2000_500,sabori_csp-free,S,1200000,17942,19,19,615400.1408526923
nside,MAX,MEDIUM_2000_500,scip-free,S,1200000,1311,10,10,990559.7475745042
nside,MAX,MEDIUM_2000_500,sicstus_prolog-free,UNK,1200000, ,0,0,1200000
nside,MAX,MEDIUM_2000_500,thornbill-free,S,1200000,20790,22,22,487100.0004348497
nside,MAX,MEDIUM_2000_500,yuck-free,S,1200000,26908,24,24,440180.02804298245
nside,MAX,MEDIUM_5_3,atlantis-free,S,1200000,125,2,12.5,301139.25
nside,MAX,MEDIUM_5_3,cbc-free,SC,9278,125,8.181427396133277,12.5,9082.25
nside,MAX,MEDIUM_5_3,choco-solver__cp_-free,SC,4643,125,10.887545787545788,12.5,4627.25
nside,MAX,MEDIUM_5_3,choco-solver__cp_lcg_-free,SC,4193,125,10.887545787545788,12.5,4188.5
nside,MAX,MEDIUM_5_3,chuffed-free,SC,1530,125,17.13888888888889,12.5,1521.75
nside,MAX,MEDIUM_5_3,cp_optimizer-free,SC,1219,125,17.13888888888889,12.5,1214.738
nside,MAX,MEDIUM_5_3,cplex-free,SC,2012,125,13.884848484848487,12.5,1903.644
nside,MAX,MEDIUM_5_3,crusher-free,S,1200000,125,2,12.5,301398.42
nside,MAX,MEDIUM_5_3,gecode-fd,SC,1224,125,17.13888888888889,12.5,1223.374
nside,MAX,MEDIUM_5_3,gecode___scheduling_portfolio__experimental_-free,SC,1703,125,17.13888888888889,12.5,1699.49
nside,MAX,MEDIUM_5_3,gurobi_12-free,SC,1489,125,17.13888888888889,12.5,1477.914
nside,MAX,MEDIUM_5_3,highs-free,SC,3886,125,12.07012987012987,12.5,3399.25
nside,MAX,MEDIUM_5_3,huub-free,SC,1308,125,17.13888888888889,12.5,1306.5
nside,MAX,MEDIUM_5_3,huub__difference_logic_-free,SC,1170,125,17.13888888888889,12.5,1168.62
nside,MAX,MEDIUM_5_3,jacop-free,SC,2411,125,13.884848484848487,12.5,2379.3059999999996
nside,MAX,MEDIUM_5_3,nucs-fd,SC,8295,125,8.513250148544262,12.5,8218.128
nside,MAX,MEDIUM_5_3,or-tools_cp-sat-free,SC,1580,125,17.13888888888889,12.5,1539.11
nside,MAX,MEDIUM_5_3,or-tools_cp-sat-ls-free,S,1200000,125,2,12.5,301214.23
nside,MAX,MEDIUM_5_3,picatsat-free,SC,1533,125,17.13888888888889,12.5,1482.24
nside,MAX,MEDIUM_5_3,pumpkin-free,SC,1328,125,17.13888888888889,12.5,1327.31
nside,MAX,MEDIUM_5_3,qiuqi-mixsolver-free,S,1200000,125,2,12.5,302275.5
nside,MAX,MEDIUM_5_3,sabori_csp-free,SC,1443,125,17.13888888888889,12.5,1442.25
nside,MAX,MEDIUM_5_3,scip-free,SC,2246,125,13.884848484848487,12.5,2155.84
nside,MAX,MEDIUM_5_3,sicstus_prolog-free,SC,1466,125,17.13888888888889,12.5,1460.2419999999997
nside,MAX,MEDIUM_5_3,thornbill-free,SC,1273,125,17.13888888888889,12.5,1272.25
nside,MAX,MEDIUM_5_3,yuck-free,S,1200000,125,2,12.5,304558.5
orthorio,MIN,challenge_01,atlantis-free,UNK,1200000, ,0,0,1200000
orthorio,MIN,challenge_01,cbc-free,UNK,1200000, ,0,0,1200000
orthorio,MIN,challenge_01,choco-solver__cp_-free,UNK,1200000, ,0,0,1200000
orthorio,MIN,challenge_01,choco-solver__cp_lcg_-free,UNK,1200000, ,0,0,1200000
orthorio,MIN,challenge_01,chuffed-free,SC,141636,43,21.889301486039088,22,60406.055555555555
orthorio,MIN,challenge_01,cp_optimizer-free,S,1200000,44,17,17,500736.6388888889
orthorio,MIN,challenge_01,cplex-free,S,1200000,44,17,17,513850.02777777775
orthorio,MIN,challenge_01,crusher-free,UNK,1200000, ,0,0,1200000
orthorio,MIN,challenge_01,gecode-fd,S,1200000,47,13.5,13.5,1126762.0833333335
orthorio,MIN,challenge_01,gecode___scheduling_portfolio__experimental_-free,S,1200000,47,13.5,13.5,1051984
orthorio,MIN,challenge_01,gurobi_12-free,SC,101690,43,22.36219153750588,22,56100.805555555555
orthorio,MIN,challenge_01,highs-free,UNK,1200000, ,0,0,1200000
orthorio,MIN,challenge_01,huub-free,SC,122955,43,22.092233736711982,22,49745.75
orthorio,MIN,challenge_01,huub__difference_logic_-free,SC,123734,43,22.08067583284864,22,50008.75
orthorio,MIN,challenge_01,jacop-free,UNK,1200000, ,0,0,1200000
orthorio,MIN,challenge_01,nucs-fd,ERR, , ,0,0,1200000
orthorio,MIN,challenge_01,or-tools_cp-sat-free,SC,49146,43,23.377338501291995,22,15002.583333333334
orthorio,MIN,challenge_01,or-tools_cp-sat-ls-free,S,1200000,44,17,17,817360.3055555555
orthorio,MIN,challenge_01,picatsat-free,SC,56705,43,23.198258905602426,22,31981.38888888889
orthorio,MIN,challenge_01,pumpkin-free,S,1200000,43,19,22,480144.6111111111
orthorio,MIN,challenge_01,qiuqi-mixsolver-free,S,1200000,45,15,15,751012.5
orthorio,MIN,challenge_01,sabori_csp-free,UNK,1200000, ,0,0,1200000
orthorio,MIN,challenge_01,scip-free,UNK,1200000, ,0,0,1200000
orthorio,MIN,challenge_01,sicstus_prolog-free,UNK,1200000, ,0,0,1200000
orthorio,MIN,challenge_01,thornbill-free,UNK,1200000, ,0,0,1200000
orthorio,MIN,challenge_01,yuck-free,UNK,1200000, ,0,0,1200000
orthorio,MIN,challenge_03,atlantis-free,UNK,1200000, ,0,0,1200000
orthorio,MIN,challenge_03,cbc-free,UNK,1200000, ,0,0,1200000
orthorio,MIN,challenge_03,choco-solver__cp_-free,UNK,1200000, ,0,0,1200000
orthorio,MIN,challenge_03,choco-solver__cp_lcg_-free,S,1200000,50,18,18,534637.4642857143
orthorio,MIN,challenge_03,chuffed-free,S,1200000,48,19.5,22,428441.0714285714
orthorio,MIN,challenge_03,cp_optimizer-free,S,1200000,51,17,17,484405.14285714284
orthorio,MIN,challenge_03,cplex-free,UNK,1200000, ,0,0,1200000
orthorio,MIN,challenge_03,crusher-free,UNK,1200000, ,0,0,1200000
orthorio,MIN,challenge_03,gecode-fd,UNK,1200000, ,0,0,1200000
orthorio,MIN,challenge_03,gecode___scheduling_portfolio__experimental_-free,UNK,1200000, ,0,0,1200000
orthorio,MIN,challenge_03,gurobi_12-free,SC,682727,48,22.93021428606565,22,281386.2857142857
orthorio,MIN,challenge_03,highs-free,UNK,1200000, ,0,0,1200000
orthorio,MIN,challenge_03,huub-free,SC,1088361,48,22.417427377236187,22,311503.85714285716
orthorio,MIN,challenge_03,huub__difference_logic_-free,SC,1099009,48,22.40661877489675,22,314715.96428571426
orthorio,MIN,challenge_03,jacop-free,UNK,1200000, ,0,0,1200000
orthorio,MIN,challenge_03,nucs-fd,ERR, , ,0,0,1200000
orthorio,MIN,challenge_03,or-tools_cp-sat-free,SC,802272,48,22.75098129805893,22,238902.64285714287
orthorio,MIN,challenge_03,or-tools_cp-sat-ls-free,UNK,1200000, ,0,0,1200000
orthorio,MIN,challenge_03,picatsat-free,SC,128196,48,24.49475826374248,22,51449.07142857143
orthorio,MIN,challenge_03,pumpkin-free,S,1200000,48,19.5,22,464176.89285714284
orthorio,MIN,challenge_03,qiuqi-mixsolver-free,UNK,1200000, ,0,0,1200000
orthorio,MIN,challenge_03,sabori_csp-free,UNK,1200000, ,0,0,1200000
orthorio,MIN,challenge_03,scip-free,UNK,1200000, ,0,0,1200000
orthorio,MIN,challenge_03,sicstus_prolog-free,UNK,1200000, ,0,0,1200000
orthorio,MIN,challenge_03,thornbill-free,UNK,1200000, ,0,0,1200000
orthorio,MIN,challenge_03,yuck-free,UNK,1200000, ,0,0,1200000
orthorio,MIN,challenge_04,atlantis-free,UNK,1200000, ,0,0,1200000
orthorio,MIN,challenge_04,cbc-free,UNK,1200000, ,0,0,1200000
orthorio,MIN,challenge_04,choco-solver__cp_-free,UNK,1200000, ,0,0,1200000
orthorio,MIN,challenge_04,choco-solver__cp_lcg_-free,UNK,1200000, ,0,0,1200000
orthorio,MIN,challenge_04,chuffed-free,S,1200000,59,19,19,575576.6111111111
orthorio,MIN,challenge_04,cp_optimizer-free,S,1200000,56,21,21,419458.5833333333
orthorio,MIN,challenge_04,cplex-free,UNK,1200000, ,0,0,1200000
orthorio,MIN,challenge_04,crusher-free,UNK,1200000, ,0,0,1200000
orthorio,MIN,challenge_04,gecode-fd,UNK,1200000, ,0,0,1200000
orthorio,MIN,challenge_04,gecode___scheduling_portfolio__experimental_-free,UNK,1200000, ,0,0,1200000
orthorio,MIN,challenge_04,gurobi_12-free,S,1200000,63,18,18,1061670.2222222222
orthorio,MIN,challenge_04,highs-free,UNK,1200000, ,0,0,1200000
orthorio,MIN,challenge_04,huub-free,S,1200000,54,23,23.5,382620.3888888889
orthorio,MIN,challenge_04,huub__difference_logic_-free,S,1200000,54,23,23.5,382085.69444444444
orthorio,MIN,challenge_04,jacop-free,UNK,1200000, ,0,0,1200000
orthorio,MIN,challenge_04,nucs-fd,ERR, , ,0,0,1200000
orthorio,MIN,challenge_04,or-tools_cp-sat-free,S,1200000,54,23,23.5,337843.52777777775
orthorio,MIN,challenge_04,or-tools_cp-sat-ls-free,UNK,1200000, ,0,0,1200000
orthorio,MIN,challenge_04,picatsat-free,SC,923086,54,25,23.5,376780.75
orthorio,MIN,challenge_04,pumpkin-free,S,1200000,58,20,20,494754.8333333333
orthorio,MIN,challenge_04,qiuqi-mixsolver-free,UNK,1200000, ,0,0,1200000
orthorio,MIN,challenge_04,sabori_csp-free,UNK,1200000, ,0,0,1200000
orthorio,MIN,challenge_04,scip-free,UNK,1200000, ,0,0,1200000
orthorio,MIN,challenge_04,sicstus_prolog-free,UNK,1200000, ,0,0,1200000
orthorio,MIN,challenge_04,thornbill-free,UNK,1200000, ,0,0,1200000
orthorio,MIN,challenge_04,yuck-free,UNK,1200000, ,0,0,1200000
orthorio,MIN,challenge_12,atlantis-free,UNK,1200000, ,0,0,1200000
orthorio,MIN,challenge_12,cbc-free,UNK,1200000, ,0,0,1200000
orthorio,MIN,challenge_12,choco-solver__cp_-free,UNK,1200000, ,0,0,1200000
orthorio,MIN,challenge_12,choco-solver__cp_lcg_-free,UNK,1200000, ,0,0,1200000
orthorio,MIN,challenge_12,chuffed-free,UNK,1200000, ,0,0,1200000
orthorio,MIN,challenge_12,cp_optimizer-free,UNK,1200000, ,0,0,1200000
orthorio,MIN,challenge_12,cplex-free,UNK,1200000, ,0,0,1200000
orthorio,MIN,challenge_12,crusher-free,UNK,1200000, ,0,0,1200000
orthorio,MIN,challenge_12,gecode-fd,UNK,1200000, ,0,0,1200000
orthorio,MIN,challenge_12,gecode___scheduling_portfolio__experimental_-free,UNK,1200000, ,0,0,1200000
orthorio,MIN,challenge_12,gurobi_12-free,UNK,1200000, ,0,0,1200000
orthorio,MIN,challenge_12,highs-free,UNK,1200000, ,0,0,1200000
orthorio,MIN,challenge_12,huub-free,S,1200000,91,23.5,23.5,766898.65
orthorio,MIN,challenge_12,huub__difference_logic_-free,S,1200000,91,23.5,23.5,771204.8
orthorio,MIN,challenge_12,jacop-free,UNK,1200000, ,0,0,1200000
orthorio,MIN,challenge_12,nucs-fd,ERR, , ,0,0,1200000
orthorio,MIN,challenge_12,or-tools_cp-sat-free,S,1200000,94,22,22,944806.9500000001
orthorio,MIN,challenge_12,or-tools_cp-sat-ls-free,UNK,1200000, ,0,0,1200000
orthorio,MIN,challenge_12,picatsat-free,SC,779504,88,25,25,433499.75
orthorio,MIN,challenge_12,pumpkin-free,UNK,1200000, ,0,0,1200000
orthorio,MIN,challenge_12,qiuqi-mixsolver-free,UNK,1200000, ,0,0,1200000
orthorio,MIN,challenge_12,sabori_csp-free,UNK,1200000, ,0,0,1200000
orthorio,MIN,challenge_12,scip-free,UNK,1200000, ,0,0,1200000
orthorio,MIN,challenge_12,sicstus_prolog-free,UNK,1200000, ,0,0,1200000
orthorio,MIN,challenge_12,thornbill-free,UNK,1200000, ,0,0,1200000
orthorio,MIN,challenge_12,yuck-free,UNK,1200000, ,0,0,1200000
orthorio,MIN,challenge_13,atlantis-free,UNK,1200000, ,0,0,1200000
orthorio,MIN,challenge_13,cbc-free,UNK,1200000, ,0,0,1200000
orthorio,MIN,challenge_13,choco-solver__cp_-free,UNK,1200000, ,0,0,1200000
orthorio,MIN,challenge_13,choco-solver__cp_lcg_-free,UNK,1200000, ,0,0,1200000
orthorio,MIN,challenge_13,chuffed-free,UNK,1200000, ,0,0,1200000
orthorio,MIN,challenge_13,cp_optimizer-free,UNK,1200000, ,0,0,1200000
orthorio,MIN,challenge_13,cplex-free,UNK,1200000, ,0,0,1200000
orthorio,MIN,challenge_13,crusher-free,UNK,1200000, ,0,0,1200000
orthorio,MIN,challenge_13,gecode-fd,UNK,1200000, ,0,0,1200000
orthorio,MIN,challenge_13,gecode___scheduling_portfolio__experimental_-free,UNK,1200000, ,0,0,1200000
orthorio,MIN,challenge_13,gurobi_12-free,UNK,1200000, ,0,0,1200000
orthorio,MIN,challenge_13,highs-free,UNK,1200000, ,0,0,1200000
orthorio,MIN,challenge_13,huub-free,S,1200000,97,23.5,23.5,1032532.0833333334
orthorio,MIN,challenge_13,huub__difference_logic_-free,S,1200000,97,23.5,23.5,1039043.4166666666
orthorio,MIN,challenge_13,jacop-free,UNK,1200000, ,0,0,1200000
orthorio,MIN,challenge_13,nucs-fd,ERR, , ,0,0,1200000
orthorio,MIN,challenge_13,or-tools_cp-sat-free,S,1200000,94,25,25,677623.138888889
orthorio,MIN,challenge_13,or-tools_cp-sat-ls-free,UNK,1200000, ,0,0,1200000
orthorio,MIN,challenge_13,picatsat-free,S,1200000,99,22,22,667909
orthorio,MIN,challenge_13,pumpkin-free,UNK,1200000, ,0,0,1200000
orthorio,MIN,challenge_13,qiuqi-mixsolver-free,UNK,1200000, ,0,0,1200000
orthorio,MIN,challenge_13,sabori_csp-free,UNK,1200000, ,0,0,1200000
orthorio,MIN,challenge_13,scip-free,UNK,1200000, ,0,0,1200000
orthorio,MIN,challenge_13,sicstus_prolog-free,UNK,1200000, ,0,0,1200000
orthorio,MIN,challenge_13,thornbill-free,UNK,1200000, ,0,0,1200000
orthorio,MIN,challenge_13,yuck-free,UNK,1200000, ,0,0,1200000
rect-euler,MIN,3venn_combined_model_input,atlantis-free,S,1200000,969,5,5,511946.8878600823
rect-euler,MIN,3venn_combined_model_input,cbc-free,S,1200000,830,8,8,483895.21502057614
rect-euler,MIN,3venn_combined_model_input,choco-solver__cp_-free,S,1200000,821,11.5,17.5,304621.37757201644
rect-euler,MIN,3venn_combined_model_input,choco-solver__cp_lcg_-free,S,1200000,821,11.5,17.5,304087.8034979424
rect-euler,MIN,3venn_combined_model_input,chuffed-free,SC,1808,821,21.697463002114166,17.5,1537.6862139917694
rect-euler,MIN,3venn_combined_model_input,cp_optimizer-free,SC,2598,821,19.977011494252874,17.5,2027.7294238683126
rect-euler,MIN,3venn_combined_model_input,cplex-free,SC,1797,821,21.697463002114166,17.5,1676.9969135802469
rect-euler,MIN,3venn_combined_model_input,crusher-free,S,1200000,984,4,4,502726.7181069959
rect-euler,MIN,3venn_combined_model_input,gecode-fd,UNK,1200000, ,0,0,1200000
rect-euler,MIN,3venn_combined_model_input,gecode___scheduling_portfolio__experimental_-free,UNK,1200000, ,0,0,1200000
rect-euler,MIN,3venn_combined_model_input,gurobi_12-free,SC,1525,821,21.697463002114166,17.5,1324.7664609053495
rect-euler,MIN,3venn_combined_model_input,highs-free,SC,4313,821,18.269341894061,17.5,2688.6193415637863
rect-euler,MIN,3venn_combined_model_input,huub-free,SC,2604,821,19.977011494252874,17.5,1893.4701646090532
rect-euler,MIN,3venn_combined_model_input,huub__difference_logic_-free,SC,2122,821,19.977011494252874,17.5,1624.2551440329216
rect-euler,MIN,3venn_combined_model_input,jacop-free,S,1200000,846,7,7,346931.6779835391
rect-euler,MIN,3venn_combined_model_input,nucs-fd,UNK,1200000, ,0,0,1200000
rect-euler,MIN,3venn_combined_model_input,or-tools_cp-sat-free,SC,2235,821,19.977011494252874,17.5,1954.3827160493825
rect-euler,MIN,3venn_combined_model_input,or-tools_cp-sat-ls-free,S,1200000,821,11.5,17.5,301547.74588477367
rect-euler,MIN,3venn_combined_model_input,picatsat-free,SC,10707,821,16.45317840054682,17.5,4122.169753086419
rect-euler,MIN,3venn_combined_model_input,pumpkin-free,SC,2349,821,19.977011494252874,17.5,1800.4855967078197
rect-euler,MIN,3venn_combined_model_input,qiuqi-mixsolver-free,S,1200000,821,11.5,17.5,303231.5195473251
rect-euler,MIN,3venn_combined_model_input,sabori_csp-free,SC,85858,821,14.323021733532446,17.5,22771.555555555555
rect-euler,MIN,3venn_combined_model_input,scip-free,SC,2731,821,19.977011494252874,17.5,2158.7211934156376
rect-euler,MIN,3venn_combined_model_input,sicstus_prolog-free,S,1200000,946,6,6,464011.34362139914
rect-euler,MIN,3venn_combined_model_input,thornbill-free,S,1200000,996,3,3,516824.8621399177
rect-euler,MIN,3venn_combined_model_input,yuck-free,S,1200000,824,9,9,315521.8703703704
rect-euler,MIN,EU_combined_model_input,atlantis-free,UNK,1200000, ,0,0,1200000
rect-euler,MIN,EU_combined_model_input,cbc-free,UNK,1200000, ,0,0,1200000
rect-euler,MIN,EU_combined_model_input,choco-solver__cp_-free,S,1200000,16188,11,11,1125291.8429038748
rect-euler,MIN,EU_combined_model_input,choco-solver__cp_lcg_-free,UNK,1200000, ,0,0,1200000
rect-euler,MIN,EU_combined_model_input,chuffed-free,S,1200000,13762,13,13,654811.522924006
rect-euler,MIN,EU_combined_model_input,cp_optimizer-free,S,1200000,11828,14,14,554059.5007549069
rect-euler,MIN,EU_combined_model_input,cplex-free,S,1200000,8484,23,23,425010.21768998494
rect-euler,MIN,EU_combined_model_input,crusher-free,UNK,1200000, ,0,0,1200000
rect-euler,MIN,EU_combined_model_input,gecode-fd,UNK,1200000, ,0,0,1200000
rect-euler,MIN,EU_combined_model_input,gecode___scheduling_portfolio__experimental_-free,UNK,1200000, ,0,0,1200000
rect-euler,MIN,EU_combined_model_input,gurobi_12-free,S,1200000,7916,25,25,346931.63017111225
rect-euler,MIN,EU_combined_model_input,highs-free,S,1200000,10854,18,18,651152.1379466532
rect-euler,MIN,EU_combined_model_input,huub-free,S,1200000,11640,15,15,622719.0086562658
rect-euler,MIN,EU_combined_model_input,huub__difference_logic_-free,S,1200000,11421,16,16,572491.9661046804
rect-euler,MIN,EU_combined_model_input,jacop-free,UNK,1200000, ,0,0,1200000
rect-euler,MIN,EU_combined_model_input,nucs-fd,UNK,1200000, ,0,0,1200000
rect-euler,MIN,EU_combined_model_input,or-tools_cp-sat-free,S,1200000,8504,22,22,349974.6609964771
rect-euler,MIN,EU_combined_model_input,or-tools_cp-sat-ls-free,S,1200000,9212,20,20,482938.2741570206
rect-euler,MIN,EU_combined_model_input,picatsat-free,S,1200000,15860,12,12,781560.5657272269
rect-euler,MIN,EU_combined_model_input,pumpkin-free,S,1200000,8192,24,24,340551.6060140916
rect-euler,MIN,EU_combined_model_input,qiuqi-mixsolver-free,S,1200000,9052,21,21,526438.3536487164
rect-euler,MIN,EU_combined_model_input,sabori_csp-free,S,1200000,9214,19,19,451123.23885254166
rect-euler,MIN,EU_combined_model_input,scip-free,UNK,1200000, ,0,0,1200000
rect-euler,MIN,EU_combined_model_input,sicstus_prolog-free,UNK,1200000, ,0,0,1200000
rect-euler,MIN,EU_combined_model_input,thornbill-free,UNK,1200000, ,0,0,1200000
rect-euler,MIN,EU_combined_model_input,yuck-free,S,1200000,11066,17,17,733897.5750880725
rect-euler,MIN,Vitamins_combined_model_input,atlantis-free,S,1200000,6734,8,8,634915.6507082153
rect-euler,MIN,Vitamins_combined_model_input,cbc-free,UNK,1200000, ,0,0,1200000
rect-euler,MIN,Vitamins_combined_model_input,choco-solver__cp_-free,S,1200000,4352,11,11,460060.63434844196
rect-euler,MIN,Vitamins_combined_model_input,choco-solver__cp_lcg_-free,S,1200000,4124,12,12,438039.9669971671
rect-euler,MIN,Vitamins_combined_model_input,chuffed-free,S,1200000,5242,9,9,556199.0726628896
rect-euler,MIN,Vitamins_combined_model_input,cp_optimizer-free,S,1200000,3209,17,17,345569.0328611898
rect-euler,MIN,Vitamins_combined_model_input,cplex-free,SC,50359,2953,24.148821736523388,23,14460.11926345609
rect-euler,MIN,Vitamins_combined_model_input,crusher-free,S,1200000,7248,7,7,784081.0172096316
rect-euler,MIN,Vitamins_combined_model_input,gecode-fd,UNK,1200000, ,0,0,1200000
rect-euler,MIN,Vitamins_combined_model_input,gecode___scheduling_portfolio__experimental_-free,UNK,1200000, ,0,0,1200000
rect-euler,MIN,Vitamins_combined_model_input,gurobi_12-free,SC,146247,2953,23.23915707282555,23,42884.61154390935
rect-euler,MIN,Vitamins_combined_model_input,highs-free,SC,352791,2953,22.554805702176573,23,115440.4873937677
rect-euler,MIN,Vitamins_combined_model_input,huub-free,S,1200000,3897,13,13,437157.39065155806
rect-euler,MIN,Vitamins_combined_model_input,huub__difference_logic_-free,S,1200000,4353,10,10,430792.6666430594
rect-euler,MIN,Vitamins_combined_model_input,jacop-free,UNK,1200000, ,0,0,1200000
rect-euler,MIN,Vitamins_combined_model_input,nucs-fd,UNK,1200000, ,0,0,1200000
rect-euler,MIN,Vitamins_combined_model_input,or-tools_cp-sat-free,SC,56302,2953,24.057215488474487,23,16534.39419263456
rect-euler,MIN,Vitamins_combined_model_input,or-tools_cp-sat-ls-free,S,1200000,3030,18,18,319153.9702549575
rect-euler,MIN,Vitamins_combined_model_input,picatsat-free,S,1200000,3415,15,15,483570.9033994335
rect-euler,MIN,Vitamins_combined_model_input,pumpkin-free,S,1200000,2953,21,23,302824.84582152974
rect-euler,MIN,Vitamins_combined_model_input,qiuqi-mixsolver-free,S,1200000,2989,19,19,309544.78300283285
rect-euler,MIN,Vitamins_combined_model_input,sabori_csp-free,S,1200000,3384,16,16,340990.9924929178
rect-euler,MIN,Vitamins_combined_model_input,scip-free,S,1200000,2970,20,20,309659.8636685552
rect-euler,MIN,Vitamins_combined_model_input,sicstus_prolog-free,UNK,1200000, ,0,0,1200000
rect-euler,MIN,Vitamins_combined_model_input,thornbill-free,UNK,1200000, ,0,0,1200000
rect-euler,MIN,Vitamins_combined_model_input,yuck-free,S,1200000,3745,14,14,399227.0652974504
rect-euler,MIN,british_isles_combined_model_input,atlantis-free,ERR, , ,0,0,1200000
rect-euler,MIN,british_isles_combined_model_input,cbc-free,S,1200000,2724,6,6,661796.5729571984
rect-euler,MIN,british_isles_combined_model_input,choco-solver__cp_-free,SC,148934,2702,13.231303594077643,16.5,40837.171206225685
rect-euler,MIN,british_isles_combined_model_input,choco-solver__cp_lcg_-free,S,1200000,2702,10,16.5,303774
rect-euler,MIN,british_isles_combined_model_input,chuffed-free,SC,1495,2702,20.98217747949292,16.5,1331.3219844357975
rect-euler,MIN,british_isles_combined_model_input,cp_optimizer-free,SC,2537,2702,19.16166666666667,16.5,2247.109922178988
rect-euler,MIN,british_isles_combined_model_input,cplex-free,SC,1517,2702,20.98217747949292,16.5,1487.2071984435797
rect-euler,MIN,british_isles_combined_model_input,crusher-free,S,1200000,2766,5,5,383877.69357976655
rect-euler,MIN,british_isles_combined_model_input,gecode-fd,UNK,1200000, ,0,0,1200000
rect-euler,MIN,british_isles_combined_model_input,gecode___scheduling_portfolio__experimental_-free,UNK,1200000, ,0,0,1200000
rect-euler,MIN,british_isles_combined_model_input,gurobi_12-free,SC,2947,2702,19.16166666666667,16.5,2840.9844357976654
rect-euler,MIN,british_isles_combined_model_input,highs-free,SC,2684,2702,19.16166666666667,16.5,2324.135214007782
rect-euler,MIN,british_isles_combined_model_input,huub-free,SC,1921,2702,20.98217747949292,16.5,1741.205252918288
rect-euler,MIN,british_isles_combined_model_input,huub__difference_logic_-free,SC,1904,2702,20.98217747949292,16.5,1648.3326848249037
rect-euler,MIN,british_isles_combined_model_input,jacop-free,S,1200000,2702,10,16.5,460865.2013618677
rect-euler,MIN,british_isles_combined_model_input,nucs-fd,UNK,1200000, ,0,0,1200000
rect-euler,MIN,british_isles_combined_model_input,or-tools_cp-sat-free,SC,1851,2702,20.98217747949292,16.5,1824.113813229572
rect-euler,MIN,british_isles_combined_model_input,or-tools_cp-sat-ls-free,S,1200000,2702,10,16.5,301920.48151750973
rect-euler,MIN,british_isles_combined_model_input,picatsat-free,SC,8274,2702,16.05174825174825,16.5,3522.7217898832687
rect-euler,MIN,british_isles_combined_model_input,pumpkin-free,SC,1755,2702,20.98217747949292,16.5,1617.7694552529179
rect-euler,MIN,british_isles_combined_model_input,qiuqi-mixsolver-free,S,1200000,2702,10,16.5,304676.5856031128
rect-euler,MIN,british_isles_combined_model_input,sabori_csp-free,SC,14128,2702,15.177216610549943,16.5,4930.2023346303495
rect-euler,MIN,british_isles_combined_model_input,scip-free,SC,2221,2702,19.16166666666667,16.5,1952.354085603113
rect-euler,MIN,british_isles_combined_model_input,sicstus_prolog-free,S,1200000,2702,10,16.5,301270.49027237354
rect-euler,MIN,british_isles_combined_model_input,thornbill-free,S,1200000,3078,4,4,1039049.7957198443
rect-euler,MIN,british_isles_combined_model_input,yuck-free,S,1200000,2713,7,7,326742.03307392995
rect-euler,MIN,harrypotter_combined_model_input,atlantis-free,S,1200000,6457,8,8,674800.443457189
rect-euler,MIN,harrypotter_combined_model_input,cbc-free,UNK,1200000, ,0,0,1200000
rect-euler,MIN,harrypotter_combined_model_input,choco-solver__cp_-free,S,1200000,4411,10,10,411555.665993538
rect-euler,MIN,harrypotter_combined_model_input,choco-solver__cp_lcg_-free,S,1200000,4352,11,11,404000.87075928913
rect-euler,MIN,harrypotter_combined_model_input,chuffed-free,S,1200000,3927,14,14,418833.4502221326
rect-euler,MIN,harrypotter_combined_model_input,cp_optimizer-free,S,1200000,3743,17,17,329104.52736268175
rect-euler,MIN,harrypotter_combined_model_input,cplex-free,SC,48382,3578,24.43102164836291,23,14612.001312600969
rect-euler,MIN,harrypotter_combined_model_input,crusher-free,S,1200000,8028,7,7,1179429.4289176092
rect-euler,MIN,harrypotter_combined_model_input,gecode-fd,UNK,1200000, ,0,0,1200000
rect-euler,MIN,harrypotter_combined_model_input,gecode___scheduling_portfolio__experimental_-free,UNK,1200000, ,0,0,1200000
rect-euler,MIN,harrypotter_combined_model_input,gurobi_12-free,SC,131268,3578,23.663040655772182,23,36113.06906300485
rect-euler,MIN,harrypotter_combined_model_input,highs-free,SC,873300,3578,22.32503150080543,23,242581.0038368336
rect-euler,MIN,harrypotter_combined_model_input,huub-free,S,1200000,4196,13,13,391355.1722536349
rect-euler,MIN,harrypotter_combined_model_input,huub__difference_logic_-free,S,1200000,4310,12,12,419162.424575929
rect-euler,MIN,harrypotter_combined_model_input,jacop-free,UNK,1200000, ,0,0,1200000
rect-euler,MIN,harrypotter_combined_model_input,nucs-fd,UNK,1200000, ,0,0,1200000
rect-euler,MIN,harrypotter_combined_model_input,or-tools_cp-sat-free,SC,145995,3578,23.580906195059477,23,39335.799273021
rect-euler,MIN,harrypotter_combined_model_input,or-tools_cp-sat-ls-free,S,1200000,3833,15,15,354973.9574919224
rect-euler,MIN,harrypotter_combined_model_input,picatsat-free,S,1200000,3621,20,20,462040.23939822294
rect-euler,MIN,harrypotter_combined_model_input,pumpkin-free,S,1200000,3578,21,23,302951.8641962843
rect-euler,MIN,harrypotter_combined_model_input,qiuqi-mixsolver-free,S,1200000,3711,19,19,361579.80785541196
rect-euler,MIN,harrypotter_combined_model_input,sabori_csp-free,S,1200000,3774,16,16,332277.45769386104
rect-euler,MIN,harrypotter_combined_model_input,scip-free,S,1200000,3725,18,18,345091.36237883684
rect-euler,MIN,harrypotter_combined_model_input,sicstus_prolog-free,UNK,1200000, ,0,0,1200000
rect-euler,MIN,harrypotter_combined_model_input,thornbill-free,UNK,1200000, ,0,0,1200000
rect-euler,MIN,harrypotter_combined_model_input,yuck-free,S,1200000,4984,9,9,482562.55644184165
saeling,MIN,instance__j0005_m001_w01_g2x2_s018,atlantis-free,ERR, , ,0,0,1200000
saeling,MIN,instance__j0005_m001_w01_g2x2_s018,cbc-free,SC,3245,143,10.518939393939396,13.5,3214.25
saeling,MIN,instance__j0005_m001_w01_g2x2_s018,choco-solver__cp_-free,SC,5178,143,8.297743922743923,13.5,5171
saeling,MIN,instance__j0005_m001_w01_g2x2_s018,choco-solver__cp_lcg_-free,SC,6312,143,7.609307359307361,13.5,6307.75
saeling,MIN,instance__j0005_m001_w01_g2x2_s018,chuffed-free,SC,1562,143,16.16269841269841,13.5,1531.25
saeling,MIN,instance__j0005_m001_w01_g2x2_s018,cp_optimizer-free,SC,1384,143,16.16269841269841,13.5,1383.2619047619048
saeling,MIN,instance__j0005_m001_w01_g2x2_s018,cplex-free,SC,1497,143,16.16269841269841,13.5,1484.25
saeling,MIN,instance__j0005_m001_w01_g2x2_s018,crusher-free,SC,2919,143,12.530952380952382,13.5,1663.982142857143
saeling,MIN,instance__j0005_m001_w01_g2x2_s018,gecode-fd,SC,1163,143,16.16269841269841,13.5,1163
saeling,MIN,instance__j0005_m001_w01_g2x2_s018,gecode___scheduling_portfolio__experimental_-free,SC,1585,143,16.16269841269841,13.5,1555
saeling,MIN,instance__j0005_m001_w01_g2x2_s018,gurobi_12-free,SC,1486,143,16.16269841269841,13.5,1474.7440476190475
saeling,MIN,instance__j0005_m001_w01_g2x2_s018,highs-free,SC,1795,143,16.16269841269841,13.5,1562.5833333333335
saeling,MIN,instance__j0005_m001_w01_g2x2_s018,huub-free,SC,1448,143,16.16269841269841,13.5,1417.25
saeling,MIN,instance__j0005_m001_w01_g2x2_s018,huub__difference_logic_-free,SC,1334,143,16.16269841269841,13.5,1334
saeling,MIN,instance__j0005_m001_w01_g2x2_s018,jacop-free,SC,2387,143,12.530952380952382,13.5,2387
saeling,MIN,instance__j0005_m001_w01_g2x2_s018,nucs-fd,SC,8284,143,6.641469641469642,13.5,8187.25
saeling,MIN,instance__j0005_m001_w01_g2x2_s018,or-tools_cp-sat-free,SC,1839,143,16.16269841269841,13.5,1808.25
saeling,MIN,instance__j0005_m001_w01_g2x2_s018,or-tools_cp-sat-ls-free,SC,2082,143,12.530952380952382,13.5,2053.4285714285716
saeling,MIN,instance__j0005_m001_w01_g2x2_s018,picatsat-free,SC,2426,143,12.530952380952382,13.5,1832.3095238095239
saeling,MIN,instance__j0005_m001_w01_g2x2_s018,pumpkin-free,SC,1531,143,16.16269841269841,13.5,1505.1130952380952
saeling,MIN,instance__j0005_m001_w01_g2x2_s018,qiuqi-mixsolver-free,S,1200000,143,2,13.5,304387.5
saeling,MIN,instance__j0005_m001_w01_g2x2_s018,sabori_csp-free,SC,1553,143,16.16269841269841,13.5,1523.3154761904761
saeling,MIN,instance__j0005_m001_w01_g2x2_s018,scip-free,SC,2040,143,12.530952380952382,13.5,1890.3035714285716
saeling,MIN,instance__j0005_m001_w01_g2x2_s018,sicstus_prolog-free,SC,1733,143,16.16269841269841,13.5,1701.5
saeling,MIN,instance__j0005_m001_w01_g2x2_s018,thornbill-free,SC,1365,143,16.16269841269841,13.5,1335
saeling,MIN,instance__j0005_m001_w01_g2x2_s018,yuck-free,S,1200000,144,1,1,322871.39285714284
saeling,MIN,instance__j0010_m003_w01_g2x2_s018,atlantis-free,UNK,1200000, ,0,0,1200000
saeling,MIN,instance__j0010_m003_w01_g2x2_s018,cbc-free,S,1200000,303,9,9,765317.4758620689
saeling,MIN,instance__j0010_m003_w01_g2x2_s018,choco-solver__cp_-free,S,1200000,235,18,18,535268.0517241379
saeling,MIN,instance__j0010_m003_w01_g2x2_s018,choco-solver__cp_lcg_-free,S,1200000,236,16.5,16.5,412778.2862068966
saeling,MIN,instance__j0010_m003_w01_g2x2_s018,chuffed-free,S,1200000,240,12.5,12.5,338011.7051724138
saeling,MIN,instance__j0010_m003_w01_g2x2_s018,cp_optimizer-free,S,1200000,233,19,19,306003.9844827586
saeling,MIN,instance__j0010_m003_w01_g2x2_s018,cplex-free,S,1200000,232,22,22.5,306269.5879310345
saeling,MIN,instance__j0010_m003_w01_g2x2_s018,crusher-free,S,1200000,340,6,6,529611.7206896552
saeling,MIN,instance__j0010_m003_w01_g2x2_s018,gecode-fd,UNK,1200000, ,0,0,1200000
saeling,MIN,instance__j0010_m003_w01_g2x2_s018,gecode___scheduling_portfolio__experimental_-free,UNK,1200000, ,0,0,1200000
saeling,MIN,instance__j0010_m003_w01_g2x2_s018,gurobi_12-free,S,1200000,232,22,22.5,304260.72931034485
saeling,MIN,instance__j0010_m003_w01_g2x2_s018,highs-free,S,1200000,236,16.5,16.5,448491.9327586207
saeling,MIN,instance__j0010_m003_w01_g2x2_s018,huub-free,S,1200000,240,12.5,12.5,330936.6672413793
saeling,MIN,instance__j0010_m003_w01_g2x2_s018,huub__difference_logic_-free,S,1200000,237,14.5,14.5,317823.6896551724
saeling,MIN,instance__j0010_m003_w01_g2x2_s018,jacop-free,S,1200000,301,10,10,444573.21206896554
saeling,MIN,instance__j0010_m003_w01_g2x2_s018,nucs-fd,UNK,1200000, ,0,0,1200000
saeling,MIN,instance__j0010_m003_w01_g2x2_s018,or-tools_cp-sat-free,SC,3208,232,25,22.5,2498.66551724138
saeling,MIN,instance__j0010_m003_w01_g2x2_s018,or-tools_cp-sat-ls-free,S,1200000,232,22,22.5,332311.79827586206
saeling,MIN,instance__j0010_m003_w01_g2x2_s018,picatsat-free,S,1200000,312,8,8,468394.6534482759
saeling,MIN,instance__j0010_m003_w01_g2x2_s018,pumpkin-free,S,1200000,232,22,22.5,301595.38620689657
saeling,MIN,instance__j0010_m003_w01_g2x2_s018,qiuqi-mixsolver-free,S,1200000,232,22,22.5,306932.52931034483
saeling,MIN,instance__j0010_m003_w01_g2x2_s018,sabori_csp-free,S,1200000,237,14.5,14.5,311922.0793103448
saeling,MIN,instance__j0010_m003_w01_g2x2_s018,scip-free,S,1200000,259,11,11,385336.08275862073
saeling,MIN,instance__j0010_m003_w01_g2x2_s018,sicstus_prolog-free,S,1200000,320,7,7,483125.8862068965
saeling,MIN,instance__j0010_m003_w01_g2x2_s018,thornbill-free,S,1200000,490,5,5,844095.2517241379
saeling,MIN,instance__j0010_m003_w01_g2x2_s018,yuck-free,UNK,1200000, ,0,0,1200000
saeling,MIN,instance__j0010_m008_w02_g2x2_s021,atlantis-free,UNK,1200000, ,0,0,1200000
saeling,MIN,instance__j0010_m008_w02_g2x2_s021,cbc-free,S,1200000,301,11,11,755656.4831189711
saeling,MIN,instance__j0010_m008_w02_g2x2_s021,choco-solver__cp_-free,S,1200000,178,19,19,762506.409163987
saeling,MIN,instance__j0010_m008_w02_g2x2_s021,choco-solver__cp_lcg_-free,UNK,1200000, ,0,0,1200000
saeling,MIN,instance__j0010_m008_w02_g2x2_s021,chuffed-free,S,1200000,184,17,17,334432.5964630225
saeling,MIN,instance__j0010_m008_w02_g2x2_s021,cp_optimizer-free,S,1200000,177,20,20,314993.827170418
saeling,MIN,instance__j0010_m008_w02_g2x2_s021,cplex-free,S,1200000,189,14,14,341633.69372990355
saeling,MIN,instance__j0010_m008_w02_g2x2_s021,crusher-free,UNK,1200000, ,0,0,1200000
saeling,MIN,instance__j0010_m008_w02_g2x2_s021,gecode-fd,UNK,1200000, ,0,0,1200000
saeling,MIN,instance__j0010_m008_w02_g2x2_s021,gecode___scheduling_portfolio__experimental_-free,UNK,1200000, ,0,0,1200000
saeling,MIN,instance__j0010_m008_w02_g2x2_s021,gurobi_12-free,S,1200000,172,21.5,21.5,332506.87218649517
saeling,MIN,instance__j0010_m008_w02_g2x2_s021,highs-free,S,1200000,186,16,16,409252.55546623794
saeling,MIN,instance__j0010_m008_w02_g2x2_s021,huub-free,S,1200000,169,23,23,316388.7419614148
saeling,MIN,instance__j0010_m008_w02_g2x2_s021,huub__difference_logic_-free,S,1200000,165,24,24.5,314472.12379421224
saeling,MIN,instance__j0010_m008_w02_g2x2_s021,jacop-free,S,1200000,454,8.5,8.5,580348.7909967846
saeling,MIN,instance__j0010_m008_w02_g2x2_s021,nucs-fd,UNK,1200000, ,0,0,1200000
saeling,MIN,instance__j0010_m008_w02_g2x2_s021,or-tools_cp-sat-free,SC,128064,165,25,24.5,33678.95176848875
saeling,MIN,instance__j0010_m008_w02_g2x2_s021,or-tools_cp-sat-ls-free,UNK,1200000, ,0,0,1200000
saeling,MIN,instance__j0010_m008_w02_g2x2_s021,picatsat-free,S,1200000,237,12,12,375575.7926045016
saeling,MIN,instance__j0010_m008_w02_g2x2_s021,pumpkin-free,S,1200000,172,21.5,21.5,312169.0538585209
saeling,MIN,instance__j0010_m008_w02_g2x2_s021,qiuqi-mixsolver-free,S,1200000,181,18,18,328219.11736334406
saeling,MIN,instance__j0010_m008_w02_g2x2_s021,sabori_csp-free,S,1200000,187,15,15,468335.7057877814
saeling,MIN,instance__j0010_m008_w02_g2x2_s021,scip-free,S,1200000,215,13,13,626426.6197749197
saeling,MIN,instance__j0010_m008_w02_g2x2_s021,sicstus_prolog-free,S,1200000,454,8.5,8.5,580298.575562701
saeling,MIN,instance__j0010_m008_w02_g2x2_s021,thornbill-free,S,1200000,325,10,10,491229.43649517687
saeling,MIN,instance__j0010_m008_w02_g2x2_s021,yuck-free,UNK,1200000, ,0,0,1200000
saeling,MIN,instance__j0050_m003_w01_g5x5_s022,atlantis-free,UNK,1200000, ,0,0,1200000
saeling,MIN,instance__j0050_m003_w01_g5x5_s022,cbc-free,UNK,1200000, ,0,0,1200000
saeling,MIN,instance__j0050_m003_w01_g5x5_s022,choco-solver__cp_-free,UNK,1200000, ,0,0,1200000
saeling,MIN,instance__j0050_m003_w01_g5x5_s022,choco-solver__cp_lcg_-free,UNK,1200000, ,0,0,1200000
saeling,MIN,instance__j0050_m003_w01_g5x5_s022,chuffed-free,UNK,1200000, ,0,0,1200000
saeling,MIN,instance__j0050_m003_w01_g5x5_s022,cp_optimizer-free,S,1200000,1541,24,24,378738.49436319317
saeling,MIN,instance__j0050_m003_w01_g5x5_s022,cplex-free,UNK,1200000, ,0,0,1200000
saeling,MIN,instance__j0050_m003_w01_g5x5_s022,crusher-free,ERR, , ,0,0,1200000
saeling,MIN,instance__j0050_m003_w01_g5x5_s022,gecode-fd,UNK,1200000, ,0,0,1200000
saeling,MIN,instance__j0050_m003_w01_g5x5_s022,gecode___scheduling_portfolio__experimental_-free,UNK,1200000, ,0,0,1200000
saeling,MIN,instance__j0050_m003_w01_g5x5_s022,gurobi_12-free,UNK,1200000, ,0,0,1200000
saeling,MIN,instance__j0050_m003_w01_g5x5_s022,highs-free,UNK,1200000, ,0,0,1200000
saeling,MIN,instance__j0050_m003_w01_g5x5_s022,huub-free,S,1200000,3007,20,20,959218.2886959171
saeling,MIN,instance__j0050_m003_w01_g5x5_s022,huub__difference_logic_-free,S,1200000,3033,19,19,1152134.25
saeling,MIN,instance__j0050_m003_w01_g5x5_s022,jacop-free,S,1200000,1736,22,22,430338.4293113955
saeling,MIN,instance__j0050_m003_w01_g5x5_s022,nucs-fd,UNK,1200000, ,0,0,1200000
saeling,MIN,instance__j0050_m003_w01_g5x5_s022,or-tools_cp-sat-free,S,1200000,1392,25,25,317808.13147471054
saeling,MIN,instance__j0050_m003_w01_g5x5_s022,or-tools_cp-sat-ls-free,UNK,1200000, ,0,0,1200000
saeling,MIN,instance__j0050_m003_w01_g5x5_s022,picatsat-free,UNK,1200000, ,0,0,1200000
saeling,MIN,instance__j0050_m003_w01_g5x5_s022,pumpkin-free,UNK,1200000, ,0,0,1200000
saeling,MIN,instance__j0050_m003_w01_g5x5_s022,qiuqi-mixsolver-free,UNK,1200000, ,0,0,1200000
saeling,MIN,instance__j0050_m003_w01_g5x5_s022,sabori_csp-free,S,1200000,1865,21,21,665547.1953077391
saeling,MIN,instance__j0050_m003_w01_g5x5_s022,scip-free,UNK,1200000, ,0,0,1200000
saeling,MIN,instance__j0050_m003_w01_g5x5_s022,sicstus_prolog-free,S,1200000,1612,23,23,401050.72212065815
saeling,MIN,instance__j0050_m003_w01_g5x5_s022,thornbill-free,UNK,1200000, ,0,0,1200000
saeling,MIN,instance__j0050_m003_w01_g5x5_s022,yuck-free,UNK,1200000, ,0,0,1200000
saeling,MIN,instance__j0050_m016_w04_g5x5_s027,atlantis-free,UNK,1200000, ,0,0,1200000
saeling,MIN,instance__j0050_m016_w04_g5x5_s027,cbc-free,UNK,1200000, ,0,0,1200000
saeling,MIN,instance__j0050_m016_w04_g5x5_s027,choco-solver__cp_-free,UNK,1200000, ,0,0,1200000
saeling,MIN,instance__j0050_m016_w04_g5x5_s027,choco-solver__cp_lcg_-free,UNK,1200000, ,0,0,1200000
saeling,MIN,instance__j0050_m016_w04_g5x5_s027,chuffed-free,UNK,1200000, ,0,0,1200000
saeling,MIN,instance__j0050_m016_w04_g5x5_s027,cp_optimizer-free,S,1200000,560,24,24,367304.5397673687
saeling,MIN,instance__j0050_m016_w04_g5x5_s027,cplex-free,UNK,1200000, ,0,0,1200000
saeling,MIN,instance__j0050_m016_w04_g5x5_s027,crusher-free,ERR, , ,0,0,1200000
saeling,MIN,instance__j0050_m016_w04_g5x5_s027,gecode-fd,UNK,1200000, ,0,0,1200000
saeling,MIN,instance__j0050_m016_w04_g5x5_s027,gecode___scheduling_portfolio__experimental_-free,UNK,1200000, ,0,0,1200000
saeling,MIN,instance__j0050_m016_w04_g5x5_s027,gurobi_12-free,UNK,1200000, ,0,0,1200000
saeling,MIN,instance__j0050_m016_w04_g5x5_s027,highs-free,UNK,1200000, ,0,0,1200000
saeling,MIN,instance__j0050_m016_w04_g5x5_s027,huub-free,S,1200000,2837,21,21,817541.9218799116
saeling,MIN,instance__j0050_m016_w04_g5x5_s027,huub__difference_logic_-free,S,1200000,3050,20,20,863853.5231059412
saeling,MIN,instance__j0050_m016_w04_g5x5_s027,jacop-free,S,1200000,1165,23,23,437969.2622602955
saeling,MIN,instance__j0050_m016_w04_g5x5_s027,nucs-fd,UNK,1200000, ,0,0,1200000
saeling,MIN,instance__j0050_m016_w04_g5x5_s027,or-tools_cp-sat-free,S,1200000,469,25,25,339501.90309651056
saeling,MIN,instance__j0050_m016_w04_g5x5_s027,or-tools_cp-sat-ls-free,UNK,1200000, ,0,0,1200000
saeling,MIN,instance__j0050_m016_w04_g5x5_s027,picatsat-free,S,1200000,3644,18,18,1120045.7643036782
saeling,MIN,instance__j0050_m016_w04_g5x5_s027,pumpkin-free,UNK,1200000, ,0,0,1200000
saeling,MIN,instance__j0050_m016_w04_g5x5_s027,qiuqi-mixsolver-free,UNK,1200000, ,0,0,1200000
saeling,MIN,instance__j0050_m016_w04_g5x5_s027,sabori_csp-free,S,1200000,3641,19,19,1089935.2685476267
saeling,MIN,instance__j0050_m016_w04_g5x5_s027,scip-free,UNK,1200000, ,0,0,1200000
saeling,MIN,instance__j0050_m016_w04_g5x5_s027,sicstus_prolog-free,S,1200000,1779,22,22,592965.2390757625
saeling,MIN,instance__j0050_m016_w04_g5x5_s027,thornbill-free,UNK,1200000, ,0,0,1200000
saeling,MIN,instance__j0050_m016_w04_g5x5_s027,yuck-free,UNK,1200000, ,0,0,1200000
sdn-chain,MIN,d10n780-7,atlantis-free,ERR, , ,0,0,1200000
sdn-chain,MIN,d10n780-7,cbc-free,UNK,1200000, ,0,0,1200000
sdn-chain,MIN,d10n780-7,choco-solver__cp_-free,UNK,1200000, ,0,0,1200000
sdn-chain,MIN,d10n780-7,choco-solver__cp_lcg_-free,SC,38001,29,16.42099459153868,18,33965.27723735408
sdn-chain,MIN,d10n780-7,chuffed-free,SC,4347,29,21.781145203353198,18,3927.525291828794
sdn-chain,MIN,d10n780-7,cp_optimizer-free,SC,15570,29,18.535484054246687,18,8238.610894941634
sdn-chain,MIN,d10n780-7,cplex-free,SC,10560,29,19.55464358595611,18,10560
sdn-chain,MIN,d10n780-7,crusher-free,UNK,1200000, ,0,0,1200000
sdn-chain,MIN,d10n780-7,gecode-fd,UNK,1200000, ,0,0,1200000
sdn-chain,MIN,d10n780-7,gecode___scheduling_portfolio__experimental_-free,UNK,1200000, ,0,0,1200000
sdn-chain,MIN,d10n780-7,gurobi_12-free,SC,9409,29,19.8213618679141,18,9400.386186770429
sdn-chain,MIN,d10n780-7,highs-free,SC,150172,29,14.228575673442178,18,146414.05058365758
sdn-chain,MIN,d10n780-7,huub-free,SC,3120,29,22.394987825421826,18,2996.5924124513617
sdn-chain,MIN,d10n780-7,huub__difference_logic_-free,SC,3143,29,22.394987825421826,18,3011.766536964981
sdn-chain,MIN,d10n780-7,jacop-free,UNK,1200000, ,0,0,1200000
sdn-chain,MIN,d10n780-7,nucs-fd,UNK,1200000, ,0,0,1200000
sdn-chain,MIN,d10n780-7,or-tools_cp-sat-free,SC,5074,29,21.268941220694785,18,5074
sdn-chain,MIN,d10n780-7,or-tools_cp-sat-ls-free,S,1200000,29,11.5,18,303263.80642023345
sdn-chain,MIN,d10n780-7,picatsat-free,SC,13627,29,18.892229327390567,18,8475.985408560311
sdn-chain,MIN,d10n780-7,pumpkin-free,SC,11210,29,19.313328726139282,18,9964.406614785992
sdn-chain,MIN,d10n780-7,qiuqi-mixsolver-free,S,1200000,29,11.5,18,304438.5
sdn-chain,MIN,d10n780-7,sabori_csp-free,SC,127423,29,14.433893509189181,18,49487.26167315175
sdn-chain,MIN,d10n780-7,scip-free,SC,19115,29,17.959426589291574,18,18364.399805447472
sdn-chain,MIN,d10n780-7,sicstus_prolog-free,UNK,1200000, ,0,0,1200000
sdn-chain,MIN,d10n780-7,thornbill-free,UNK,1200000, ,0,0,1200000
sdn-chain,MIN,d10n780-7,yuck-free,UNK,1200000, ,0,0,1200000
sdn-chain,MIN,d15n180-1,atlantis-free,S,1200000,240,5,5,984949.8681818183
sdn-chain,MIN,d15n180-1,cbc-free,SC,24406,36,14.135858374366007,16.5,24320.5
sdn-chain,MIN,d15n180-1,choco-solver__cp_-free,SC,1097963,36,11.095766431922664,16.5,604788.6515151515
sdn-chain,MIN,d15n180-1,choco-solver__cp_lcg_-free,SC,36533,36,13.478335274821688,16.5,35769.84696969697
sdn-chain,MIN,d15n180-1,chuffed-free,SC,2051,36,20.359101698391004,16.5,1995.4545454545453
sdn-chain,MIN,d15n180-1,cp_optimizer-free,SC,2093,36,20.359101698391004,16.5,2039.428787878788
sdn-chain,MIN,d15n180-1,cplex-free,SC,3553,36,19.22132645132645,16.5,3553
sdn-chain,MIN,d15n180-1,crusher-free,S,1200000,88,7,7,424952.70606060605
sdn-chain,MIN,d15n180-1,gecode-fd,UNK,1200000, ,0,0,1200000
sdn-chain,MIN,d15n180-1,gecode___scheduling_portfolio__experimental_-free,UNK,1200000, ,0,0,1200000
sdn-chain,MIN,d15n180-1,gurobi_12-free,SC,3574,36,19.22132645132645,16.5,3550.268181818182
sdn-chain,MIN,d15n180-1,highs-free,SC,12235,36,15.542809144567483,16.5,12233.5
sdn-chain,MIN,d15n180-1,huub-free,SC,1572,36,22.114230058328424,16.5,1532.6454545454544
sdn-chain,MIN,d15n180-1,huub__difference_logic_-free,SC,1761,36,22.114230058328424,16.5,1715.7954545454545
sdn-chain,MIN,d15n180-1,jacop-free,UNK,1200000, ,0,0,1200000
sdn-chain,MIN,d15n180-1,nucs-fd,UNK,1200000, ,0,0,1200000
sdn-chain,MIN,d15n180-1,or-tools_cp-sat-free,SC,3070,36,19.22132645132645,16.5,3053.516666666667
sdn-chain,MIN,d15n180-1,or-tools_cp-sat-ls-free,S,1200000,36,9,16.5,301726.4484848485
sdn-chain,MIN,d15n180-1,picatsat-free,SC,4798,36,18.403509796289086,16.5,3106.318181818182
sdn-chain,MIN,d15n180-1,pumpkin-free,SC,2418,36,20.359101698391004,16.5,2369.268181818182
sdn-chain,MIN,d15n180-1,qiuqi-mixsolver-free,S,1200000,36,9,16.5,302949.38333333336
sdn-chain,MIN,d15n180-1,sabori_csp-free,SC,4174,36,18.403509796289086,16.5,2812.6227272727274
sdn-chain,MIN,d15n180-1,scip-free,SC,10438,36,15.970466615934772,16.5,6333.754545454545
sdn-chain,MIN,d15n180-1,sicstus_prolog-free,S,1200000,106,6,6,466613.22424242424
sdn-chain,MIN,d15n180-1,thornbill-free,UNK,1200000, ,0,0,1200000
sdn-chain,MIN,d15n180-1,yuck-free,S,1200000,36,9,16.5,364113.1348484848
sdn-chain,MIN,d26n600-5,atlantis-free,UNK,1200000, ,0,0,1200000
sdn-chain,MIN,d26n600-5,cbc-free,SC,1139953,12,12.74805714678713,17.5,846625.4365671643
sdn-chain,MIN,d26n600-5,choco-solver__cp_-free,SC,244356,12,14.658476188039268,17.5,144479.17164179104
sdn-chain,MIN,d26n600-5,choco-solver__cp_lcg_-free,SC,161709,12,15.334109746355388,17.5,141700.48100407055
sdn-chain,MIN,d26n600-5,chuffed-free,SC,10135,12,21.230109127396418,17.5,9198.482360922659
sdn-chain,MIN,d26n600-5,cp_optimizer-free,SC,9072,12,21.474658290593332,17.5,8636.548846675712
sdn-chain,MIN,d26n600-5,cplex-free,SC,19462,12,19.692625451854482,17.5,19127.953867028496
sdn-chain,MIN,d26n600-5,crusher-free,S,1200000,16,9,9,358692.0491858887
sdn-chain,MIN,d26n600-5,gecode-fd,UNK,1200000, ,0,0,1200000
sdn-chain,MIN,d26n600-5,gecode___scheduling_portfolio__experimental_-free,UNK,1200000, ,0,0,1200000
sdn-chain,MIN,d26n600-5,gurobi_12-free,SC,19560,12,19.692625451854482,17.5,19198.628222523745
sdn-chain,MIN,d26n600-5,highs-free,SC,204585,12,14.942822887519066,17.5,193434.48337856174
sdn-chain,MIN,d26n600-5,huub-free,SC,9024,12,21.474658290593332,17.5,7592.5943012211665
sdn-chain,MIN,d26n600-5,huub__difference_logic_-free,SC,8934,12,21.74232138036468,17.5,7382.06275440977
sdn-chain,MIN,d26n600-5,jacop-free,UNK,1200000, ,0,0,1200000
sdn-chain,MIN,d26n600-5,nucs-fd,UNK,1200000, ,0,0,1200000
sdn-chain,MIN,d26n600-5,or-tools_cp-sat-free,SC,13081,12,20.606527029266086,17.5,12995.85854816825
sdn-chain,MIN,d26n600-5,or-tools_cp-sat-ls-free,S,1200000,12,10.5,17.5,308809.88331071916
sdn-chain,MIN,d26n600-5,picatsat-free,SC,21450,12,19.453783029344656,17.5,13641.532225237448
sdn-chain,MIN,d26n600-5,pumpkin-free,SC,9699,12,21.474658290593332,17.5,9551.452170963365
sdn-chain,MIN,d26n600-5,qiuqi-mixsolver-free,S,1200000,12,10.5,17.5,309558.75
sdn-chain,MIN,d26n600-5,sabori_csp-free,S,1200000,154,8,8,364682.4548846676
sdn-chain,MIN,d26n600-5,scip-free,SC,275230,12,14.474567689438341,17.5,250389.1299185889
sdn-chain,MIN,d26n600-5,sicstus_prolog-free,S,1200000,269,7,7,428938.95861601084
sdn-chain,MIN,d26n600-5,thornbill-free,UNK,1200000, ,0,0,1200000
sdn-chain,MIN,d26n600-5,yuck-free,UNK,1200000, ,0,0,1200000
sdn-chain,MIN,d28n600-6,atlantis-free,ERR, , ,0,0,1200000
sdn-chain,MIN,d28n600-6,cbc-free,UNK,1200000, ,0,0,1200000
sdn-chain,MIN,d28n600-6,choco-solver__cp_-free,SC,524767,21,13.730886029031003,17.5,178388.12849964105
sdn-chain,MIN,d28n600-6,choco-solver__cp_lcg_-free,SC,649182,21,13.454629511256115,17.5,630196.1055276379
sdn-chain,MIN,d28n600-6,chuffed-free,SC,20450,21,20.06716800263528,17.5,14149.732950466609
sdn-chain,MIN,d28n600-6,cp_optimizer-free,SC,25033,21,19.508345710649596,17.5,13434.097451543432
sdn-chain,MIN,d28n600-6,cplex-free,SC,20156,21,20.06716800263528,17.5,20156
sdn-chain,MIN,d28n600-6,crusher-free,ERR, , ,0,0,1200000
sdn-chain,MIN,d28n600-6,gecode-fd,UNK,1200000, ,0,0,1200000
sdn-chain,MIN,d28n600-6,gecode___scheduling_portfolio__experimental_-free,UNK,1200000, ,0,0,1200000
sdn-chain,MIN,d28n600-6,gurobi_12-free,SC,20767,21,20.06716800263528,17.5,20459.906496769563
sdn-chain,MIN,d28n600-6,highs-free,SC,64457,21,17.31134503427686,17.5,50688.728822684854
sdn-chain,MIN,d28n600-6,huub-free,SC,9286,21,21.99006087300032,17.5,8252.416188083273
sdn-chain,MIN,d28n600-6,huub__difference_logic_-free,SC,9308,21,21.99006087300032,17.5,8200.449928212489
sdn-chain,MIN,d28n600-6,jacop-free,UNK,1200000, ,0,0,1200000
sdn-chain,MIN,d28n600-6,nucs-fd,UNK,1200000, ,0,0,1200000
sdn-chain,MIN,d28n600-6,or-tools_cp-sat-free,SC,12525,21,21.326495384966766,17.5,12164.59350323044
sdn-chain,MIN,d28n600-6,or-tools_cp-sat-ls-free,S,1200000,21,10.5,17.5,308607.9366475233
sdn-chain,MIN,d28n600-6,picatsat-free,SC,17235,21,20.473980963930476,17.5,12134.897523330941
sdn-chain,MIN,d28n600-6,pumpkin-free,SC,18908,21,20.33120154695218,17.5,13361.7356424982
sdn-chain,MIN,d28n600-6,qiuqi-mixsolver-free,S,1200000,21,10.5,17.5,309099.807609476
sdn-chain,MIN,d28n600-6,sabori_csp-free,SC,421083,21,14.032206576898172,17.5,120636.97254127782
sdn-chain,MIN,d28n600-6,scip-free,SC,278706,21,14.649283488132339,17.5,270520.2692031587
sdn-chain,MIN,d28n600-6,sicstus_prolog-free,S,1200000,225,9,9,409366.517408471
sdn-chain,MIN,d28n600-6,thornbill-free,UNK,1200000, ,0,0,1200000
sdn-chain,MIN,d28n600-6,yuck-free,UNK,1200000, ,0,0,1200000
sdn-chain,MIN,d30n600-7,atlantis-free,UNK,1200000, ,0,0,1200000
sdn-chain,MIN,d30n600-7,cbc-free,UNK,1200000, ,0,0,1200000
sdn-chain,MIN,d30n600-7,choco-solver__cp_-free,UNK,1200000, ,0,0,1200000
sdn-chain,MIN,d30n600-7,choco-solver__cp_lcg_-free,UNK,1200000, ,0,0,1200000
sdn-chain,MIN,d30n600-7,chuffed-free,SC,12878,9,22.09477477589037,19,12183.27462121212
sdn-chain,MIN,d30n600-7,cp_optimizer-free,SC,32687,9,19.943659463311796,19,20879.984848484848
sdn-chain,MIN,d30n600-7,cplex-free,SC,33062,9,19.87531550874602,19,33059.75
sdn-chain,MIN,d30n600-7,crusher-free,UNK,1200000, ,0,0,1200000
sdn-chain,MIN,d30n600-7,gecode-fd,UNK,1200000, ,0,0,1200000
sdn-chain,MIN,d30n600-7,gecode___scheduling_portfolio__experimental_-free,UNK,1200000, ,0,0,1200000
sdn-chain,MIN,d30n600-7,gurobi_12-free,SC,51385,9,18.936096282071887,19,51238.59532828283
sdn-chain,MIN,d30n600-7,highs-free,SC,217147,9,16.481340557892715,19,157833.297979798
sdn-chain,MIN,d30n600-7,huub-free,SC,11847,9,22.270762731662693,19,10711.83080808081
sdn-chain,MIN,d30n600-7,huub__difference_logic_-free,SC,11630,9,22.270762731662693,19,10521.641414141413
sdn-chain,MIN,d30n600-7,jacop-free,UNK,1200000, ,0,0,1200000
sdn-chain,MIN,d30n600-7,nucs-fd,UNK,1200000, ,0,0,1200000
sdn-chain,MIN,d30n600-7,or-tools_cp-sat-free,SC,19709,9,21.10969988774551,19,19399.944444444445
sdn-chain,MIN,d30n600-7,or-tools_cp-sat-ls-free,S,1200000,9,13.5,19,313302.89267676766
sdn-chain,MIN,d30n600-7,picatsat-free,SC,38204,9,19.56458987990332,19,22885.703914141413
sdn-chain,MIN,d30n600-7,pumpkin-free,SC,17098,9,21.354808441335223,19,15725.210227272728
sdn-chain,MIN,d30n600-7,qiuqi-mixsolver-free,S,1200000,9,13.5,19,313531.5
sdn-chain,MIN,d30n600-7,sabori_csp-free,S,1200000,90,12,12,371401.79545454547
sdn-chain,MIN,d30n600-7,scip-free,SC,299156,9,16.098189739777766,19,148032.57323232322
sdn-chain,MIN,d30n600-7,sicstus_prolog-free,UNK,1200000, ,0,0,1200000
sdn-chain,MIN,d30n600-7,thornbill-free,UNK,1200000, ,0,0,1200000
sdn-chain,MIN,d30n600-7,yuck-free,UNK,1200000, ,0,0,1200000
spot5,MIN,1403,atlantis-free,UNK,1200000, ,0,0,1200000
spot5,MIN,1403,cbc-free,UNK,1200000, ,0,0,1200000
spot5,MIN,1403,choco-solver__cp_-free,UNK,1200000, ,0,0,1200000
spot5,MIN,1403,choco-solver__cp_lcg_-free,UNK,1200000, ,0,0,1200000
spot5,MIN,1403,chuffed-free,S,1200000,523307,14,14,566599.9551427973
spot5,MIN,1403,cp_optimizer-free,S,1200000,467252,21,21,337732.32302068017
spot5,MIN,1403,cplex-free,S,1200000,603317,10,10,804049.6555540733
spot5,MIN,1403,crusher-free,S,1200000,483263,18,18,395254.43898551876
spot5,MIN,1403,gecode-fd,S,1200000,635392,5,5,900792.0554257801
spot5,MIN,1403,gecode___scheduling_portfolio__experimental_-free,S,1200000,635383,6,6,906686.7671705674
spot5,MIN,1403,gurobi_12-free,S,1200000,501272,17,17,498284.5093580232
spot5,MIN,1403,highs-free,S,1200000,587329,11,11,747138.9495711261
spot5,MIN,1403,huub-free,S,1200000,506266,15.5,15.5,467090.66149898677
spot5,MIN,1403,huub__difference_logic_-free,S,1200000,506266,15.5,15.5,467563.6739593209
spot5,MIN,1403,jacop-free,S,1200000,535278,12,12,572878.18294694
spot5,MIN,1403,nucs-fd,S,1200000,635371,8,8,902595.7209864383
spot5,MIN,1403,or-tools_cp-sat-free,S,1200000,459246,24.5,24.5,304697.98597999534
spot5,MIN,1403,or-tools_cp-sat-ls-free,S,1200000,459248,23,23,303498.0785682253
spot5,MIN,1403,picatsat-free,S,1200000,461346,22,22,342959.1609199644
spot5,MIN,1403,pumpkin-free,UNK,1200000, ,0,0,1200000
spot5,MIN,1403,qiuqi-mixsolver-free,S,1200000,459246,24.5,24.5,304767.11645303393
spot5,MIN,1403,sabori_csp-free,S,1200000,482263,19,19,428408.9596202862
spot5,MIN,1403,scip-free,S,1200000,616330,9,9,897871.2433909138
spot5,MIN,1403,sicstus_prolog-free,S,1200000,635376,7,7,901066.4335174473
spot5,MIN,1403,thornbill-free,S,1200000,526245,13,13,530258.3950607122
spot5,MIN,1403,yuck-free,S,1200000,476294,20,20,378283.7160902934
spot5,MIN,1407,atlantis-free,UNK,1200000, ,0,0,1200000
spot5,MIN,1407,cbc-free,UNK,1200000, ,0,0,1200000
spot5,MIN,1407,choco-solver__cp_-free,UNK,1200000, ,0,0,1200000
spot5,MIN,1407,choco-solver__cp_lcg_-free,UNK,1200000, ,0,0,1200000
spot5,MIN,1407,chuffed-free,S,1200000,552716,12,12,691845.2899751557
spot5,MIN,1407,cp_optimizer-free,S,1200000,466582,21,21,339937.99744890723
spot5,MIN,1407,cplex-free,S,1200000,599760,10,10,816920.6438637641
spot5,MIN,1407,crusher-free,S,1200000,483617,19,19,411649.81458135985
spot5,MIN,1407,gecode-fd,S,1200000,635855,5,5,901116.5591672008
spot5,MIN,1407,gecode___scheduling_portfolio__experimental_-free,S,1200000,629806,8,8,892421.2222981672
spot5,MIN,1407,gurobi_12-free,S,1200000,515626,15,15,573401.0915514728
spot5,MIN,1407,highs-free,S,1200000,582767,11,11,739416.6409964435
spot5,MIN,1407,huub-free,S,1200000,510608,16.5,16.5,512354.76482157956
spot5,MIN,1407,huub__difference_logic_-free,S,1200000,510608,16.5,16.5,513777.28057482553
spot5,MIN,1407,jacop-free,S,1200000,538662,13,13,587916.9165116253
spot5,MIN,1407,nucs-fd,S,1200000,635829,7,7,902537.6197524632
spot5,MIN,1407,or-tools_cp-sat-free,S,1200000,459571,24.5,24.5,306026.5418101272
spot5,MIN,1407,or-tools_cp-sat-ls-free,S,1200000,459573,23,23,304952.81016835227
spot5,MIN,1407,picatsat-free,S,1200000,459753,22,22,333532.7508791982
spot5,MIN,1407,pumpkin-free,UNK,1200000, ,0,0,1200000
spot5,MIN,1407,qiuqi-mixsolver-free,S,1200000,459571,24.5,24.5,307426.75941451074
spot5,MIN,1407,sabori_csp-free,S,1200000,485630,18,18,484359.8479299138
spot5,MIN,1407,scip-free,S,1200000,610786,9,9,993787.6033766882
spot5,MIN,1407,sicstus_prolog-free,S,1200000,635852,6,6,901595.838240299
spot5,MIN,1407,thornbill-free,S,1200000,526600,14,14,531599.2038945643
spot5,MIN,1407,yuck-free,S,1200000,472655,20,20,380247.1151310005
spot5,MIN,1504,atlantis-free,S,1200000,199382,10,10,744425.117818312
spot5,MIN,1504,cbc-free,UNK,1200000, ,0,0,1200000
spot5,MIN,1504,choco-solver__cp_-free,UNK,1200000, ,0,0,1200000
spot5,MIN,1504,choco-solver__cp_lcg_-free,UNK,1200000, ,0,0,1200000
spot5,MIN,1504,chuffed-free,S,1200000,174376,14,14,477249.984795625
spot5,MIN,1504,cp_optimizer-free,S,1200000,162290,20,20,311450.22248645953
spot5,MIN,1504,cplex-free,S,1200000,211410,8,8,582697.1583492279
spot5,MIN,1504,crusher-free,S,1200000,171306,17,17,352745.5168280258
spot5,MIN,1504,gecode-fd,S,1200000,285528,3,3,900328.1974375689
spot5,MIN,1504,gecode___scheduling_portfolio__experimental_-free,S,1200000,285496,6,6,904086.0591395253
spot5,MIN,1504,gurobi_12-free,S,1200000,161295,21,21,337713.831971237
spot5,MIN,1504,highs-free,S,1200000,200386,9,9,588629.2678259575
spot5,MIN,1504,huub-free,S,1200000,173333,15.5,15.5,400025.6598803287
spot5,MIN,1504,huub__difference_logic_-free,S,1200000,173333,15.5,15.5,402645.9795021608
spot5,MIN,1504,jacop-free,S,1200000,194344,12,12,512523.7566012378
spot5,MIN,1504,nucs-fd,S,1200000,285509,5,5,901599.443596739
spot5,MIN,1504,or-tools_cp-sat-free,S,1200000,161287,23.5,24,302149.4607748457
spot5,MIN,1504,or-tools_cp-sat-ls-free,S,1200000,161288,22,22,301847.0448365082
spot5,MIN,1504,picatsat-free,SC,81373,161287,25,24,22574.59162461672
spot5,MIN,1504,pumpkin-free,S,1200000,186339,13,13,496242.87865472364
spot5,MIN,1504,qiuqi-mixsolver-free,S,1200000,161287,23.5,24,303433.81532428757
spot5,MIN,1504,sabori_csp-free,S,1200000,167318,18,18,347335.6845590188
spot5,MIN,1504,scip-free,S,1200000,221438,7,7,652866.906224599
spot5,MIN,1504,sicstus_prolog-free,S,1200000,285520,4,4,900507.1156977073
spot5,MIN,1504,thornbill-free,S,1200000,197441,11,11,508834.0757341639
spot5,MIN,1504,yuck-free,S,1200000,165346,19,19,336901.61101386644
spot5,MIN,408,atlantis-free,S,1200000,6249,5,5,364978.00405580795
spot5,MIN,408,cbc-free,S,1200000,6236,9,9,704342.7869889683
spot5,MIN,408,choco-solver__cp_-free,S,1200000,6228,20.5,21.5,312459.4117456197
spot5,MIN,408,choco-solver__cp_lcg_-free,S,1200000,6228,20.5,21.5,305846.7743348475
spot5,MIN,408,chuffed-free,S,1200000,6244,7,7,312911.1333549643
spot5,MIN,408,cp_optimizer-free,S,1200000,6228,20.5,21.5,301214.83971447113
spot5,MIN,408,cplex-free,S,1200000,6238,8,8,333446.2488643738
spot5,MIN,408,crusher-free,S,1200000,6234,11,11,303903.31067488645
spot5,MIN,408,gecode-fd,S,1200000,9282,1,1,895291.0618105127
spot5,MIN,408,gecode___scheduling_portfolio__experimental_-free,S,1200000,9290,0,0,897484.5705710577
spot5,MIN,408,gurobi_12-free,S,1200000,6228,20.5,21.5,302280.61826735886
spot5,MIN,408,highs-free,S,1200000,6231,15.5,15.5,360047.8317650876
spot5,MIN,408,huub-free,S,1200000,6233,13.5,13.5,302638.17472420505
spot5,MIN,408,huub__difference_logic_-free,S,1200000,6233,13.5,13.5,302825.0632706035
spot5,MIN,408,jacop-free,S,1200000,6245,6,6,459563.25048669695
spot5,MIN,408,nucs-fd,S,1200000,8280,3,3,703116.5438027255
spot5,MIN,408,or-tools_cp-sat-free,SC,2451,6228,24.9,21.5,2268.072842310188
spot5,MIN,408,or-tools_cp-sat-ls-free,S,1200000,6228,20.5,21.5,301579.72290720313
spot5,MIN,408,picatsat-free,SC,18563,6228,24.1,21.5,5991.790558079169
spot5,MIN,408,pumpkin-free,S,1200000,6229,17,17,303739.83452303696
spot5,MIN,408,qiuqi-mixsolver-free,S,1200000,6228,20.5,21.5,302967
spot5,MIN,408,sabori_csp-free,S,1200000,6231,15.5,15.5,301913.95863075927
spot5,MIN,408,scip-free,S,1200000,6234,11,11,319986.05451005837
spot5,MIN,408,sicstus_prolog-free,S,1200000,9274,2,2,893706.2342634653
spot5,MIN,408,thornbill-free,S,1200000,8238,4,4,691987.786340039
spot5,MIN,408,yuck-free,S,1200000,6234,11,11,307611.9870214147
spot5,MIN,505,atlantis-free,S,1200000,23287,8,8,517887.08847328246
spot5,MIN,505,cbc-free,S,1200000,23273,9,9,789841.1372900764
spot5,MIN,505,choco-solver__cp_-free,S,1200000,21254,19,19,385297.32576335885
spot5,MIN,505,choco-solver__cp_lcg_-free,S,1200000,21255,18,18,311279.0187022901
spot5,MIN,505,chuffed-free,S,1200000,21269,13,13,312810.09576335875
spot5,MIN,505,cp_optimizer-free,S,1200000,21253,21.5,22.5,301042.0456870229
spot5,MIN,505,cplex-free,S,1200000,21267,14,14,548542.4186259542
spot5,MIN,505,crusher-free,S,1200000,22255,11,11,347841.53790076333
spot5,MIN,505,gecode-fd,S,1200000,24327,6,6,458627.97717557254
spot5,MIN,505,gecode___scheduling_portfolio__experimental_-free,S,1200000,26325,3,3,557262.6889694657
spot5,MIN,505,gurobi_12-free,S,1200000,21253,21.5,22.5,308791.6219465649
spot5,MIN,505,highs-free,S,1200000,23264,10,10,481601.3622519084
spot5,MIN,505,huub-free,S,1200000,21264,15.5,15.5,305304.244389313
spot5,MIN,505,huub__difference_logic_-free,S,1200000,21264,15.5,15.5,305334.3015648855
spot5,MIN,505,jacop-free,S,1200000,29264,1,1,668306.3254198474
spot5,MIN,505,nucs-fd,S,1200000,29329,0,0,673802.4257633588
spot5,MIN,505,or-tools_cp-sat-free,SC,3201,21253,24.896551724137932,22.5,2460.0867557251904
spot5,MIN,505,or-tools_cp-sat-ls-free,S,1200000,21253,21.5,22.5,301776.7352290076
spot5,MIN,505,picatsat-free,SC,26332,21253,24.103448275862068,22.5,8081.715801526718
spot5,MIN,505,pumpkin-free,S,1200000,25247,5,5,507428.01996183203
spot5,MIN,505,qiuqi-mixsolver-free,S,1200000,21253,21.5,22.5,303030.23232824425
spot5,MIN,505,sabori_csp-free,S,1200000,21257,17,17,301401.03419847327
spot5,MIN,505,scip-free,S,1200000,25257,4,4,613270.9617938931
spot5,MIN,505,sicstus_prolog-free,S,1200000,24325,7,7,450614.9934351145
spot5,MIN,505,thornbill-free,S,1200000,27264,2,2,576088.4189694657
spot5,MIN,505,yuck-free,S,1200000,21270,12,12,307923.2288167939
surface-based-tsp,MIN,berlin52,atlantis-free,UNK,1200000, ,0,0,1200000
surface-based-tsp,MIN,berlin52,cbc-free,UNK,1200000, ,0,0,1200000
surface-based-tsp,MIN,berlin52,choco-solver__cp_-free,UNK,1200000, ,0,0,1200000
surface-based-tsp,MIN,berlin52,choco-solver__cp_lcg_-free,S,1200000,7944,18,18,377145.993733214
surface-based-tsp,MIN,berlin52,chuffed-free,S,1200000,8267,17,17,415080.48321396596
surface-based-tsp,MIN,berlin52,cp_optimizer-free,S,1200000,7775,19,19,361919.0410698299
surface-based-tsp,MIN,berlin52,cplex-free,SC,124586,7542,24.32782466010314,22.5,40365.33337063563
surface-based-tsp,MIN,berlin52,crusher-free,UNK,1200000, ,0,0,1200000
surface-based-tsp,MIN,berlin52,gecode-fd,UNK,1200000, ,0,0,1200000
surface-based-tsp,MIN,berlin52,gecode___scheduling_portfolio__experimental_-free,UNK,1200000, ,0,0,1200000
surface-based-tsp,MIN,berlin52,gurobi_12-free,SC,92113,7542,24.49939874939875,22.5,31605.95926589078
surface-based-tsp,MIN,berlin52,highs-free,SC,1140019,7542,23.17277659049811,22.5,491127.2818934646
surface-based-tsp,MIN,berlin52,huub-free,S,1200000,8792,14.5,14.5,481413.07811101165
surface-based-tsp,MIN,berlin52,huub__difference_logic_-free,S,1200000,8792,14.5,14.5,481175.22157564905
surface-based-tsp,MIN,berlin52,jacop-free,UNK,1200000, ,0,0,1200000
surface-based-tsp,MIN,berlin52,nucs-fd,UNK,1200000, ,0,0,1200000
surface-based-tsp,MIN,berlin52,or-tools_cp-sat-free,S,1200000,7542,21,22.5,332046.6056401074
surface-based-tsp,MIN,berlin52,or-tools_cp-sat-ls-free,S,1200000,10456,11,11,1079165.9075649062
surface-based-tsp,MIN,berlin52,picatsat-free,S,1200000,9377,13,13,551130.9936213071
surface-based-tsp,MIN,berlin52,pumpkin-free,S,1200000,7542,21,22.5,411869.48869740375
surface-based-tsp,MIN,berlin52,qiuqi-mixsolver-free,S,1200000,8458,16,16,544573.1685317815
surface-based-tsp,MIN,berlin52,sabori_csp-free,UNK,1200000, ,0,0,1200000
surface-based-tsp,MIN,berlin52,scip-free,S,1200000,7542,21,22.5,331433.4681065354
surface-based-tsp,MIN,berlin52,sicstus_prolog-free,UNK,1200000, ,0,0,1200000
surface-based-tsp,MIN,berlin52,thornbill-free,S,1200000,9847,12,12,765880.3913384065
surface-based-tsp,MIN,berlin52,yuck-free,UNK,1200000, ,0,0,1200000
surface-based-tsp,MIN,burma14,atlantis-free,UNK,1200000, ,0,0,1200000
surface-based-tsp,MIN,burma14,cbc-free,SC,2594,3323,15.937184008115926,14,2536.25
surface-based-tsp,MIN,burma14,choco-solver__cp_-free,SC,8546,3323,10.922467532467532,14,5570.333555555555
surface-based-tsp,MIN,burma14,choco-solver__cp_lcg_-free,SC,8771,3323,10.922467532467532,14,5220.670222222222
surface-based-tsp,MIN,burma14,chuffed-free,SC,1481,3323,18.73121997519972,14,1461.0193333333334
surface-based-tsp,MIN,burma14,cp_optimizer-free,SC,2938,3323,15.937184008115926,14,2101.8857777777775
surface-based-tsp,MIN,burma14,cplex-free,SC,1957,3323,18.73121997519972,14,1957
surface-based-tsp,MIN,burma14,crusher-free,S,1200000,3931,2,2,638960.8206666666
surface-based-tsp,MIN,burma14,gecode-fd,SC,1463,3323,18.73121997519972,14,1299.0846666666666
surface-based-tsp,MIN,burma14,gecode___scheduling_portfolio__experimental_-free,SC,2212,3323,15.937184008115926,14,1961.138222222222
surface-based-tsp,MIN,burma14,gurobi_12-free,SC,1775,3323,18.73121997519972,14,1772.2864444444444
surface-based-tsp,MIN,burma14,highs-free,SC,1970,3323,18.73121997519972,14,1939.25
surface-based-tsp,MIN,burma14,huub-free,SC,1648,3323,18.73121997519972,14,1484.1662222222221
surface-based-tsp,MIN,burma14,huub__difference_logic_-free,SC,1516,3323,18.73121997519972,14,1352.6873333333333
surface-based-tsp,MIN,burma14,jacop-free,SC,216704,3323,5.513994578682007,14,56290.43644444444
surface-based-tsp,MIN,burma14,nucs-fd,SC,7996,3323,11.32937616635343,14,7286.328888888889
surface-based-tsp,MIN,burma14,or-tools_cp-sat-free,SC,2227,3323,15.937184008115926,14,2189.1155555555556
surface-based-tsp,MIN,burma14,or-tools_cp-sat-ls-free,S,1200000,3323,3.5,14,301935.3411111111
surface-based-tsp,MIN,burma14,picatsat-free,SC,36912,3323,7.528432594895264,14,20193.783333333333
surface-based-tsp,MIN,burma14,pumpkin-free,SC,1874,3323,18.73121997519972,14,1727
surface-based-tsp,MIN,burma14,qiuqi-mixsolver-free,S,1200000,3323,3.5,14,302771.664
surface-based-tsp,MIN,burma14,sabori_csp-free,SC,4082,3323,13.231225296442688,14,2222.228
surface-based-tsp,MIN,burma14,scip-free,SC,2356,3323,15.937184008115926,14,2300.624222222222
surface-based-tsp,MIN,burma14,sicstus_prolog-free,SC,42682,3323,7.2851364813144395,14,12061.108222222221
surface-based-tsp,MIN,burma14,thornbill-free,SC,1828,3323,18.73121997519972,14,1487.5435555555555
surface-based-tsp,MIN,burma14,yuck-free,UNK,1200000, ,0,0,1200000
surface-based-tsp,MIN,ch130,atlantis-free,UNK,1200000, ,0,0,1200000
surface-based-tsp,MIN,ch130,cbc-free,UNK,1200000, ,0,0,1200000
surface-based-tsp,MIN,ch130,choco-solver__cp_-free,UNK,1200000, ,0,0,1200000
surface-based-tsp,MIN,ch130,choco-solver__cp_lcg_-free,UNK,1200000, ,0,0,1200000
surface-based-tsp,MIN,ch130,chuffed-free,S,1200000,7780,20,20,557613.5175367047
surface-based-tsp,MIN,ch130,cp_optimizer-free,S,1200000,6658,21,21,561106.2989396411
surface-based-tsp,MIN,ch130,cplex-free,S,1200000,6112,24,24.5,420579.38062223257
surface-based-tsp,MIN,ch130,crusher-free,UNK,1200000, ,0,0,1200000
surface-based-tsp,MIN,ch130,gecode-fd,UNK,1200000, ,0,0,1200000
surface-based-tsp,MIN,ch130,gecode___scheduling_portfolio__experimental_-free,UNK,1200000, ,0,0,1200000
surface-based-tsp,MIN,ch130,gurobi_12-free,SC,1200000,6112,25,24.5,359743.7379981356
surface-based-tsp,MIN,ch130,highs-free,UNK,1200000, ,0,0,1200000
surface-based-tsp,MIN,ch130,huub-free,UNK,1200000, ,0,0,1200000
surface-based-tsp,MIN,ch130,huub__difference_logic_-free,UNK,1200000, ,0,0,1200000
surface-based-tsp,MIN,ch130,jacop-free,UNK,1200000, ,0,0,1200000
surface-based-tsp,MIN,ch130,nucs-fd,UNK,1200000, ,0,0,1200000
surface-based-tsp,MIN,ch130,or-tools_cp-sat-free,S,1200000,6431,22,22,392551.4789676066
surface-based-tsp,MIN,ch130,or-tools_cp-sat-ls-free,UNK,1200000, ,0,0,1200000
surface-based-tsp,MIN,ch130,picatsat-free,S,1200000,10403,19,19,909155.75
surface-based-tsp,MIN,ch130,pumpkin-free,UNK,1200000, ,0,0,1200000
surface-based-tsp,MIN,ch130,qiuqi-mixsolver-free,UNK,1200000, ,0,0,1200000
surface-based-tsp,MIN,ch130,sabori_csp-free,UNK,1200000, ,0,0,1200000
surface-based-tsp,MIN,ch130,scip-free,S,1200000,6118,23,23,509873.93107667216
surface-based-tsp,MIN,ch130,sicstus_prolog-free,UNK,1200000, ,0,0,1200000
surface-based-tsp,MIN,ch130,thornbill-free,UNK,1200000, ,0,0,1200000
surface-based-tsp,MIN,ch130,yuck-free,UNK,1200000, ,0,0,1200000
surface-based-tsp,MIN,st70,atlantis-free,UNK,1200000, ,0,0,1200000
surface-based-tsp,MIN,st70,cbc-free,UNK,1200000, ,0,0,1200000
surface-based-tsp,MIN,st70,choco-solver__cp_-free,UNK,1200000, ,0,0,1200000
surface-based-tsp,MIN,st70,choco-solver__cp_lcg_-free,S,1200000,686,20,20,527388.3909214092
surface-based-tsp,MIN,st70,chuffed-free,S,1200000,775,17,17,492491.77710027096
surface-based-tsp,MIN,st70,cp_optimizer-free,S,1200000,717,19,19,409141.7994579946
surface-based-tsp,MIN,st70,cplex-free,SC,15452,675,24.012755102040813,23,15452
surface-based-tsp,MIN,st70,crusher-free,UNK,1200000, ,0,0,1200000
surface-based-tsp,MIN,st70,gecode-fd,UNK,1200000, ,0,0,1200000
surface-based-tsp,MIN,st70,gecode___scheduling_portfolio__experimental_-free,UNK,1200000, ,0,0,1200000
surface-based-tsp,MIN,st70,gurobi_12-free,SC,13358,675,24.12659871327804,23,13352.75
surface-based-tsp,MIN,st70,highs-free,SC,181251,675,22.264900144824217,23,181169.25
surface-based-tsp,MIN,st70,huub-free,S,1200000,826,16,16,628923.0433604335
surface-based-tsp,MIN,st70,huub__difference_logic_-free,S,1200000,835,15,15,626101.2222222222
surface-based-tsp,MIN,st70,jacop-free,UNK,1200000, ,0,0,1200000
surface-based-tsp,MIN,st70,nucs-fd,UNK,1200000, ,0,0,1200000
surface-based-tsp,MIN,st70,or-tools_cp-sat-free,S,1200000,675,21,23,307344.8672086721
surface-based-tsp,MIN,st70,or-tools_cp-sat-ls-free,UNK,1200000, ,0,0,1200000
surface-based-tsp,MIN,st70,picatsat-free,S,1200000,996,14,14,823090.7215447153
surface-based-tsp,MIN,st70,pumpkin-free,UNK,1200000, ,0,0,1200000
surface-based-tsp,MIN,st70,qiuqi-mixsolver-free,S,1200000,742,18,18,518874.6734417344
surface-based-tsp,MIN,st70,sabori_csp-free,UNK,1200000, ,0,0,1200000
surface-based-tsp,MIN,st70,scip-free,SC,25403,675,23.595746039856927,23,25309.25
surface-based-tsp,MIN,st70,sicstus_prolog-free,UNK,1200000, ,0,0,1200000
surface-based-tsp,MIN,st70,thornbill-free,UNK,1200000, ,0,0,1200000
surface-based-tsp,MIN,st70,yuck-free,UNK,1200000, ,0,0,1200000
surface-based-tsp,MIN,ulysses16,atlantis-free,UNK,1200000, ,0,0,1200000
surface-based-tsp,MIN,ulysses16,cbc-free,SC,2969,6900,16.173390372482935,14,2680.880909634949
surface-based-tsp,MIN,ulysses16,choco-solver__cp_-free,SC,7258,6900,11.212274828630637,14,5403.448084979054
surface-based-tsp,MIN,ulysses16,choco-solver__cp_lcg_-free,SC,7668,6900,11.212274828630637,14,5571.220825852783
surface-based-tsp,MIN,ulysses16,chuffed-free,SC,1479,6900,19.01904761904762,14,1452.3512866546978
surface-based-tsp,MIN,ulysses16,cp_optimizer-free,SC,1994,6900,19.01904761904762,14,1573.2630161579891
surface-based-tsp,MIN,ulysses16,cplex-free,SC,2119,6900,16.173390372482935,14,2088.25
surface-based-tsp,MIN,ulysses16,crusher-free,S,1200000,8367,2,2,837522.4308797127
surface-based-tsp,MIN,ulysses16,gecode-fd,SC,1614,6900,19.01904761904762,14,1518.3984141232795
surface-based-tsp,MIN,ulysses16,gecode___scheduling_portfolio__experimental_-free,SC,2462,6900,16.173390372482935,14,2304.8297426690606
surface-based-tsp,MIN,ulysses16,gurobi_12-free,SC,2069,6900,16.173390372482935,14,2036.9950628366246
surface-based-tsp,MIN,ulysses16,highs-free,SC,2719,6900,16.173390372482935,14,2348.2681029323758
surface-based-tsp,MIN,ulysses16,huub-free,SC,1614,6900,19.01904761904762,14,1541.224566128067
surface-based-tsp,MIN,ulysses16,huub__difference_logic_-free,SC,1434,6900,19.01904761904762,14,1360.5116696588866
surface-based-tsp,MIN,ulysses16,jacop-free,SC,34964,6900,7.024989906357358,14,16576.563584679832
surface-based-tsp,MIN,ulysses16,nucs-fd,SC,8820,6900,10.756678876678874,14,7478.364602034709
surface-based-tsp,MIN,ulysses16,or-tools_cp-sat-free,SC,1989,6900,19.01904761904762,14,1964.57749850389
surface-based-tsp,MIN,ulysses16,or-tools_cp-sat-ls-free,S,1200000,6900,3.5,14,301549.3894374626
surface-based-tsp,MIN,ulysses16,picatsat-free,SC,27529,6900,7.4730854406874005,14,11573.328396169958
surface-based-tsp,MIN,ulysses16,pumpkin-free,SC,1724,6900,19.01904761904762,14,1567.5671753441052
surface-based-tsp,MIN,ulysses16,qiuqi-mixsolver-free,S,1200000,6900,3.5,14,303126.85816876125
surface-based-tsp,MIN,ulysses16,sabori_csp-free,SC,5817,6900,12.436990093240096,14,3363.4706762417713
surface-based-tsp,MIN,ulysses16,scip-free,SC,2453,6900,16.173390372482935,14,2330.900359066427
surface-based-tsp,MIN,ulysses16,sicstus_prolog-free,SC,17588,6900,8.536640085061137,14,7091.46828246559
surface-based-tsp,MIN,ulysses16,thornbill-free,SC,2212,6900,16.173390372482935,14,1714.0149611011373
surface-based-tsp,MIN,ulysses16,yuck-free,UNK,1200000, ,0,0,1200000
tdtsp,MIN,inst_10_1_20,atlantis-free,S,1200000,14726,5,5,649033.22396786
tdtsp,MIN,inst_10_1_20,cbc-free,S,1200000,23024,4,4,1031252
tdtsp,MIN,inst_10_1_20,choco-solver__cp_-free,SC,172779,7716,18.103960393878488,19.5,46199.55062712307
tdtsp,MIN,inst_10_1_20,choco-solver__cp_lcg_-free,S,1200000,7716,14.5,19.5,306612.2736151032
tdtsp,MIN,inst_10_1_20,chuffed-free,S,1200000,7856,13,13,332517.1024954272
tdtsp,MIN,inst_10_1_20,cp_optimizer-free,SC,42981,7716,20.250338366481675,19.5,11904.22896524693
tdtsp,MIN,inst_10_1_20,cplex-free,S,1200000,12590,7,7,649074.2839038412
tdtsp,MIN,inst_10_1_20,crusher-free,UNK,1200000, ,0,0,1200000
tdtsp,MIN,inst_10_1_20,gecode-fd,SC,2522,7716,24.210016945634155,19.5,1593.1809837993208
tdtsp,MIN,inst_10_1_20,gecode___scheduling_portfolio__experimental_-free,SC,3331,7716,23.839349019126118,19.5,1938.99970603606
tdtsp,MIN,inst_10_1_20,gurobi_12-free,SC,725681,7716,16.586263684577844,19.5,199107.95407629997
tdtsp,MIN,inst_10_1_20,highs-free,S,1200000,7858,11,11,516428.9096550823
tdtsp,MIN,inst_10_1_20,huub-free,S,1200000,7857,12,12,331502.4087405278
tdtsp,MIN,inst_10_1_20,huub__difference_logic_-free,S,1200000,7911,10,10,331526.76254246145
tdtsp,MIN,inst_10_1_20,jacop-free,SC,18946,7716,21.585545365894227,19.5,6849.549679905933
tdtsp,MIN,inst_10_1_20,nucs-fd,ERR, , ,0,0,1200000
tdtsp,MIN,inst_10_1_20,or-tools_cp-sat-free,SC,32153,7716,20.687551099272827,19.5,14428.08100339691
tdtsp,MIN,inst_10_1_20,or-tools_cp-sat-ls-free,UNK,1200000, ,0,0,1200000
tdtsp,MIN,inst_10_1_20,picatsat-free,S,1200000,8132,9,9,377400.2724065848
tdtsp,MIN,inst_10_1_20,pumpkin-free,S,1200000,7716,14.5,19.5,330032.6357133526
tdtsp,MIN,inst_10_1_20,qiuqi-mixsolver-free,UNK,1200000, ,0,0,1200000
tdtsp,MIN,inst_10_1_20,sabori_csp-free,SC,106267,7716,18.79269905298167,19.5,27701.808792788084
tdtsp,MIN,inst_10_1_20,scip-free,S,1200000,8204,8,8,658374.6409720408
tdtsp,MIN,inst_10_1_20,sicstus_prolog-free,SC,13507,7716,22.064052577682496,19.5,4705.504409459106
tdtsp,MIN,inst_10_1_20,thornbill-free,SC,100103,7716,18.88022349447049,19.5,27193.3356741573
tdtsp,MIN,inst_10_1_20,yuck-free,S,1200000,13217,6,6,543025.9081199373
tdtsp,MIN,inst_10_51_10,atlantis-free,S,1200000,15477,6,6,609492.4242099242
tdtsp,MIN,inst_10_51_10,cbc-free,S,1200000,22093,5,5,864765.1916916916
tdtsp,MIN,inst_10_51_10,choco-solver__cp_-free,SC,140305,9048,18.743409847922678,20,38135.838517088516
tdtsp,MIN,inst_10_51_10,choco-solver__cp_lcg_-free,S,1200000,9048,15.5,20,310533.2730945231
tdtsp,MIN,inst_10_51_10,chuffed-free,S,1200000,9069,14,14,310444.1648076648
tdtsp,MIN,inst_10_51_10,cp_optimizer-free,SC,27622,9048,21.735282546563422,20,7922.683469183469
tdtsp,MIN,inst_10_51_10,cplex-free,S,1200000,10214,9,9,397832.412984413
tdtsp,MIN,inst_10_51_10,crusher-free,UNK,1200000, ,0,0,1200000
tdtsp,MIN,inst_10_51_10,gecode-fd,SC,17641,9048,22.59483017688855,20,7207.731052481053
tdtsp,MIN,inst_10_51_10,gecode___scheduling_portfolio__experimental_-free,SC,39566,9048,21.01940738778655,20,15444.841984841985
tdtsp,MIN,inst_10_51_10,gurobi_12-free,ERR, , ,0,0,1200000
tdtsp,MIN,inst_10_51_10,highs-free,S,1200000,9556,11,11,781898.9489489489
tdtsp,MIN,inst_10_51_10,huub-free,S,1200000,9323,13,13,344935.33647933643
tdtsp,MIN,inst_10_51_10,huub__difference_logic_-free,S,1200000,9449,12,12,339513.77123552124
tdtsp,MIN,inst_10_51_10,jacop-free,SC,25133,9048,21.88284403184736,20,8468.324824824824
tdtsp,MIN,inst_10_51_10,nucs-fd,ERR, , ,0,0,1200000
tdtsp,MIN,inst_10_51_10,or-tools_cp-sat-free,SC,25947,9048,21.88284403184736,20,14497.602995852994
tdtsp,MIN,inst_10_51_10,or-tools_cp-sat-ls-free,UNK,1200000, ,0,0,1200000
tdtsp,MIN,inst_10_51_10,picatsat-free,S,1200000,9606,10,10,371629.58022308024
tdtsp,MIN,inst_10_51_10,pumpkin-free,S,1200000,9048,15.5,20,308105.9603174603
tdtsp,MIN,inst_10_51_10,qiuqi-mixsolver-free,UNK,1200000, ,0,0,1200000
tdtsp,MIN,inst_10_51_10,sabori_csp-free,SC,101227,9048,19.26014441651566,20,26481.912769912768
tdtsp,MIN,inst_10_51_10,scip-free,S,1200000,14161,8,8,1001458.0564135564
tdtsp,MIN,inst_10_51_10,sicstus_prolog-free,SC,16121,9048,22.70119781580872,20,5340.888245388244
tdtsp,MIN,inst_10_51_10,thornbill-free,SC,106577,9048,19.180039744819698,20,28587.001716001716
tdtsp,MIN,inst_10_51_10,yuck-free,S,1200000,14433,7,7,554281.4420849421
tdtsp,MIN,inst_10_53_00,atlantis-free,S,1200000,16672,5,5,738873.6720312501
tdtsp,MIN,inst_10_53_00,cbc-free,S,1200000,22498,4,4,1032713.606
tdtsp,MIN,inst_10_53_00,choco-solver__cp_-free,SC,37489,7034,17.61168139309939,18.5,12579.1809375
tdtsp,MIN,inst_10_53_00,choco-solver__cp_lcg_-free,S,1200000,7053,11,11,306855.8293125
tdtsp,MIN,inst_10_53_00,chuffed-free,SC,158477,7034,15.47348801926749,18.5,41207.62475
tdtsp,MIN,inst_10_53_00,cp_optimizer-free,SC,11609,7034,19.89953842578719,18.5,4104.613250000001
tdtsp,MIN,inst_10_53_00,cplex-free,S,1200000,11142,8,8,558663.28440625
tdtsp,MIN,inst_10_53_00,crusher-free,UNK,1200000, ,0,0,1200000
tdtsp,MIN,inst_10_53_00,gecode-fd,SC,1643,7034,23.906763362533496,18.5,1404.72875
tdtsp,MIN,inst_10_53_00,gecode___scheduling_portfolio__experimental_-free,SC,2099,7034,22.9981109893013,18.5,1739.42103125
tdtsp,MIN,inst_10_53_00,gurobi_12-free,SC,68235,7034,16.629498471897833,18.5,31030.876375
tdtsp,MIN,inst_10_53_00,highs-free,S,1200000,7915,9,9,487666.1681875
tdtsp,MIN,inst_10_53_00,huub-free,SC,719831,7034,13.88393106924847,18.5,197770.50615625
tdtsp,MIN,inst_10_53_00,huub__difference_logic_-free,SC,684465,7034,13.926841930267832,18.5,190454.71646875
tdtsp,MIN,inst_10_53_00,jacop-free,SC,6735,7034,21.09249750745292,18.5,3572.4013750000004
tdtsp,MIN,inst_10_53_00,nucs-fd,ERR, , ,0,0,1200000
tdtsp,MIN,inst_10_53_00,or-tools_cp-sat-free,SC,13724,7034,19.568239175675995,18.5,10698.49603125
tdtsp,MIN,inst_10_53_00,or-tools_cp-sat-ls-free,UNK,1200000, ,0,0,1200000
tdtsp,MIN,inst_10_53_00,picatsat-free,S,1200000,7180,10,10,315940.831375
tdtsp,MIN,inst_10_53_00,pumpkin-free,S,1200000,7034,12,18.5,339546.4945937499
tdtsp,MIN,inst_10_53_00,qiuqi-mixsolver-free,UNK,1200000, ,0,0,1200000
tdtsp,MIN,inst_10_53_00,sabori_csp-free,SC,13464,7034,19.568239175675995,18.5,4517.341624999999
tdtsp,MIN,inst_10_53_00,scip-free,S,1200000,16234,6,6,1108818.132
tdtsp,MIN,inst_10_53_00,sicstus_prolog-free,SC,3776,7034,22.35220272323148,18.5,1958.24565625
tdtsp,MIN,inst_10_53_00,thornbill-free,SC,10340,7034,20.088967756560614,18.5,3563.9251562500003
tdtsp,MIN,inst_10_53_00,yuck-free,S,1200000,11625,7,7,507501.27584375
tdtsp,MIN,inst_10_58_20,atlantis-free,S,1200000,17223,5,5,677499.1359911755
tdtsp,MIN,inst_10_58_20,cbc-free,UNK,1200000, ,0,0,1200000
tdtsp,MIN,inst_10_58_20,choco-solver__cp_-free,SC,126682,10306,20.035068197547393,20.5,34896.48664513079
tdtsp,MIN,inst_10_58_20,choco-solver__cp_lcg_-free,S,1200000,10306,16,20.5,318273.3754333438
tdtsp,MIN,inst_10_58_20,chuffed-free,S,1200000,10869,12,12,350709.9314528837
tdtsp,MIN,inst_10_58_20,cp_optimizer-free,SC,42987,10306,22.005997460161158,20.5,12000.395682319571
tdtsp,MIN,inst_10_58_20,cplex-free,S,1200000,13333,9,9,525658.1389457926
tdtsp,MIN,inst_10_58_20,crusher-free,UNK,1200000, ,0,0,1200000
tdtsp,MIN,inst_10_58_20,gecode-fd,S,1200000,13799,7.5,7.5,465915.34431137727
tdtsp,MIN,inst_10_58_20,gecode___scheduling_portfolio__experimental_-free,S,1200000,13799,7.5,7.5,466093.0042546486
tdtsp,MIN,inst_10_58_20,gurobi_12-free,SC,144321,10306,19.81288710826161,20.5,42881.56039237315
tdtsp,MIN,inst_10_58_20,highs-free,S,1200000,11080,11,11,708846.6543885912
tdtsp,MIN,inst_10_58_20,huub-free,S,1200000,10329,15,15,351738.497005988
tdtsp,MIN,inst_10_58_20,huub__difference_logic_-free,SC,1150749,10306,17.457491934513893,20.5,336500.562322723
tdtsp,MIN,inst_10_58_20,jacop-free,SC,33445,10306,22.429809121347706,20.5,10618.863457295934
tdtsp,MIN,inst_10_58_20,nucs-fd,ERR, , ,0,0,1200000
tdtsp,MIN,inst_10_58_20,or-tools_cp-sat-free,SC,21991,10306,23.16498796470528,20.5,12883.713283958394
tdtsp,MIN,inst_10_58_20,or-tools_cp-sat-ls-free,UNK,1200000, ,0,0,1200000
tdtsp,MIN,inst_10_58_20,picatsat-free,S,1200000,10359,14,14,360118.8862275449
tdtsp,MIN,inst_10_58_20,pumpkin-free,S,1200000,10825,13,13,327801.8900488497
tdtsp,MIN,inst_10_58_20,qiuqi-mixsolver-free,UNK,1200000, ,0,0,1200000
tdtsp,MIN,inst_10_58_20,sabori_csp-free,SC,102806,10306,20.399639220188014,20.5,27252.724038764576
tdtsp,MIN,inst_10_58_20,scip-free,S,1200000,11289,10,10,972847.1325244247
tdtsp,MIN,inst_10_58_20,sicstus_prolog-free,SC,27965,10306,22.76745240203974,20.5,8561.46482035928
tdtsp,MIN,inst_10_58_20,thornbill-free,SC,76576,10306,20.9266665912352,20.5,22267.620745351403
tdtsp,MIN,inst_10_58_20,yuck-free,S,1200000,14699,6,6,542893.8965490073
tdtsp,MIN,inst_20_56_00,atlantis-free,UNK,1200000, ,0,0,1200000
tdtsp,MIN,inst_20_56_00,cbc-free,UNK,1200000, ,0,0,1200000
tdtsp,MIN,inst_20_56_00,choco-solver__cp_-free,S,1200000,14975,24,24,310008.4377940084
tdtsp,MIN,inst_20_56_00,choco-solver__cp_lcg_-free,S,1200000,15870,21,21,416203.74882396637
tdtsp,MIN,inst_20_56_00,chuffed-free,S,1200000,21935,13,13,857230.1387719734
tdtsp,MIN,inst_20_56_00,cp_optimizer-free,S,1200000,14961,25,25,307231.3725550879
tdtsp,MIN,inst_20_56_00,cplex-free,UNK,1200000, ,0,0,1200000
tdtsp,MIN,inst_20_56_00,crusher-free,UNK,1200000, ,0,0,1200000
tdtsp,MIN,inst_20_56_00,gecode-fd,S,1200000,20043,18,18,748231.5339192869
tdtsp,MIN,inst_20_56_00,gecode___scheduling_portfolio__experimental_-free,S,1200000,21100,15,15,768334.9400841793
tdtsp,MIN,inst_20_56_00,gurobi_12-free,S,1200000,15571,22,22,575513.8167244367
tdtsp,MIN,inst_20_56_00,highs-free,UNK,1200000, ,0,0,1200000
tdtsp,MIN,inst_20_56_00,huub-free,S,1200000,22218,12,12,843468.249628621
tdtsp,MIN,inst_20_56_00,huub__difference_logic_-free,S,1200000,22865,11,11,899651.000742758
tdtsp,MIN,inst_20_56_00,jacop-free,S,1200000,21630,14,14,850921.7781010153
tdtsp,MIN,inst_20_56_00,nucs-fd,ERR, , ,0,0,1200000
tdtsp,MIN,inst_20_56_00,or-tools_cp-sat-free,S,1200000,15292,23,23,441196.2009160684
tdtsp,MIN,inst_20_56_00,or-tools_cp-sat-ls-free,UNK,1200000, ,0,0,1200000
tdtsp,MIN,inst_20_56_00,picatsat-free,S,1200000,23039,10,10,910110.5
tdtsp,MIN,inst_20_56_00,pumpkin-free,S,1200000,19755,19,19,783776.4982050004
tdtsp,MIN,inst_20_56_00,qiuqi-mixsolver-free,UNK,1200000, ,0,0,1200000
tdtsp,MIN,inst_20_56_00,sabori_csp-free,S,1200000,16248,20,20,403288.7295122555
tdtsp,MIN,inst_20_56_00,scip-free,UNK,1200000, ,0,0,1200000
tdtsp,MIN,inst_20_56_00,sicstus_prolog-free,S,1200000,20936,17,17,786812.3149913345
tdtsp,MIN,inst_20_56_00,thornbill-free,S,1200000,21034,16,16,777330.921391434
tdtsp,MIN,inst_20_56_00,yuck-free,UNK,1200000, ,0,0,1200000
vrplc,MIN,vrplc10_5_15_s4,atlantis-free,UNK,1200000, ,0,0,1200000
vrplc,MIN,vrplc10_5_15_s4,cbc-free,UNK,1200000, ,0,0,1200000
vrplc,MIN,vrplc10_5_15_s4,choco-solver__cp_-free,UNK,1200000, ,0,0,1200000
vrplc,MIN,vrplc10_5_15_s4,choco-solver__cp_lcg_-free,S,1200000,216,24,24,375585.57984790875
vrplc,MIN,vrplc10_5_15_s4,chuffed-free,S,1200000,275,18,18,472158.0836501901
vrplc,MIN,vrplc10_5_15_s4,cp_optimizer-free,S,1200000,371,15,15,678035.9211026616
vrplc,MIN,vrplc10_5_15_s4,cplex-free,UNK,1200000, ,0,0,1200000
vrplc,MIN,vrplc10_5_15_s4,crusher-free,UNK,1200000, ,0,0,1200000
vrplc,MIN,vrplc10_5_15_s4,gecode-fd,UNK,1200000, ,0,0,1200000
vrplc,MIN,vrplc10_5_15_s4,gecode___scheduling_portfolio__experimental_-free,UNK,1200000, ,0,0,1200000
vrplc,MIN,vrplc10_5_15_s4,gurobi_12-free,UNK,1200000, ,0,0,1200000
vrplc,MIN,vrplc10_5_15_s4,highs-free,UNK,1200000, ,0,0,1200000
vrplc,MIN,vrplc10_5_15_s4,huub-free,S,1200000,239,22,22,425446.4192015209
vrplc,MIN,vrplc10_5_15_s4,huub__difference_logic_-free,S,1200000,249,20,20,406660.3089353612
vrplc,MIN,vrplc10_5_15_s4,jacop-free,UNK,1200000, ,0,0,1200000
vrplc,MIN,vrplc10_5_15_s4,nucs-fd,UNK,1200000, ,0,0,1200000
vrplc,MIN,vrplc10_5_15_s4,or-tools_cp-sat-free,S,1200000,232,23,23,465131.141634981
vrplc,MIN,vrplc10_5_15_s4,or-tools_cp-sat-ls-free,UNK,1200000, ,0,0,1200000
vrplc,MIN,vrplc10_5_15_s4,picatsat-free,S,1200000,207,25,25,429353.65019011404
vrplc,MIN,vrplc10_5_15_s4,pumpkin-free,S,1200000,242,21,21,561292.1891634981
vrplc,MIN,vrplc10_5_15_s4,qiuqi-mixsolver-free,S,1200000,313,17,17,623094.5817490495
vrplc,MIN,vrplc10_5_15_s4,sabori_csp-free,S,1200000,264,19,19,450467.80418250954
vrplc,MIN,vrplc10_5_15_s4,scip-free,S,1200000,334,16,16,851259.8431558935
vrplc,MIN,vrplc10_5_15_s4,sicstus_prolog-free,UNK,1200000, ,0,0,1200000
vrplc,MIN,vrplc10_5_15_s4,thornbill-free,UNK,1200000, ,0,0,1200000
vrplc,MIN,vrplc10_5_15_s4,yuck-free,UNK,1200000, ,0,0,1200000
vrplc,MIN,vrplc11_5_20_s2,atlantis-free,UNK,1200000, ,0,0,1200000
vrplc,MIN,vrplc11_5_20_s2,cbc-free,UNK,1200000, ,0,0,1200000
vrplc,MIN,vrplc11_5_20_s2,choco-solver__cp_-free,UNK,1200000, ,0,0,1200000
vrplc,MIN,vrplc11_5_20_s2,choco-solver__cp_lcg_-free,UNK,1200000, ,0,0,1200000
vrplc,MIN,vrplc11_5_20_s2,chuffed-free,S,1200000,505,23,23,469364.4833333334
vrplc,MIN,vrplc11_5_20_s2,cp_optimizer-free,S,1200000,603,20,20,561001.5700000001
vrplc,MIN,vrplc11_5_20_s2,cplex-free,UNK,1200000, ,0,0,1200000
vrplc,MIN,vrplc11_5_20_s2,crusher-free,UNK,1200000, ,0,0,1200000
vrplc,MIN,vrplc11_5_20_s2,gecode-fd,UNK,1200000, ,0,0,1200000
vrplc,MIN,vrplc11_5_20_s2,gecode___scheduling_portfolio__experimental_-free,UNK,1200000, ,0,0,1200000
vrplc,MIN,vrplc11_5_20_s2,gurobi_12-free,UNK,1200000, ,0,0,1200000
vrplc,MIN,vrplc11_5_20_s2,highs-free,UNK,1200000, ,0,0,1200000
vrplc,MIN,vrplc11_5_20_s2,huub-free,S,1200000,534,21,21,487671.43333333335
vrplc,MIN,vrplc11_5_20_s2,huub__difference_logic_-free,S,1200000,502,24,24,506088.38
vrplc,MIN,vrplc11_5_20_s2,jacop-free,UNK,1200000, ,0,0,1200000
vrplc,MIN,vrplc11_5_20_s2,nucs-fd,UNK,1200000, ,0,0,1200000
vrplc,MIN,vrplc11_5_20_s2,or-tools_cp-sat-free,S,1200000,476,25,25,597148.7866666666
vrplc,MIN,vrplc11_5_20_s2,or-tools_cp-sat-ls-free,UNK,1200000, ,0,0,1200000
vrplc,MIN,vrplc11_5_20_s2,picatsat-free,S,1200000,674,18,18,698249.94
vrplc,MIN,vrplc11_5_20_s2,pumpkin-free,UNK,1200000, ,0,0,1200000
vrplc,MIN,vrplc11_5_20_s2,qiuqi-mixsolver-free,S,1200000,626,19,19,740035.1116666666
vrplc,MIN,vrplc11_5_20_s2,sabori_csp-free,S,1200000,527,22,22,404240.51333333337
vrplc,MIN,vrplc11_5_20_s2,scip-free,UNK,1200000, ,0,0,1200000
vrplc,MIN,vrplc11_5_20_s2,sicstus_prolog-free,UNK,1200000, ,0,0,1200000
vrplc,MIN,vrplc11_5_20_s2,thornbill-free,UNK,1200000, ,0,0,1200000
vrplc,MIN,vrplc11_5_20_s2,yuck-free,UNK,1200000, ,0,0,1200000
vrplc,MIN,vrplc13_11_20_s3,atlantis-free,UNK,1200000, ,0,0,1200000
vrplc,MIN,vrplc13_11_20_s3,cbc-free,UNK,1200000, ,0,0,1200000
vrplc,MIN,vrplc13_11_20_s3,choco-solver__cp_-free,UNK,1200000, ,0,0,1200000
vrplc,MIN,vrplc13_11_20_s3,choco-solver__cp_lcg_-free,UNK,1200000, ,0,0,1200000
vrplc,MIN,vrplc13_11_20_s3,chuffed-free,S,1200000,621,25,25,387037.0550139276
vrplc,MIN,vrplc13_11_20_s3,cp_optimizer-free,S,1200000,944,17,17,853533.1288300835
vrplc,MIN,vrplc13_11_20_s3,cplex-free,UNK,1200000, ,0,0,1200000
vrplc,MIN,vrplc13_11_20_s3,crusher-free,UNK,1200000, ,0,0,1200000
vrplc,MIN,vrplc13_11_20_s3,gecode-fd,UNK,1200000, ,0,0,1200000
vrplc,MIN,vrplc13_11_20_s3,gecode___scheduling_portfolio__experimental_-free,UNK,1200000, ,0,0,1200000
vrplc,MIN,vrplc13_11_20_s3,gurobi_12-free,UNK,1200000, ,0,0,1200000
vrplc,MIN,vrplc13_11_20_s3,highs-free,UNK,1200000, ,0,0,1200000
vrplc,MIN,vrplc13_11_20_s3,huub-free,S,1200000,665,23,23,482023.7729805014
vrplc,MIN,vrplc13_11_20_s3,huub__difference_logic_-free,S,1200000,643,24,24,424894.442896936
vrplc,MIN,vrplc13_11_20_s3,jacop-free,UNK,1200000, ,0,0,1200000
vrplc,MIN,vrplc13_11_20_s3,nucs-fd,UNK,1200000, ,0,0,1200000
vrplc,MIN,vrplc13_11_20_s3,or-tools_cp-sat-free,S,1200000,758,20,20,699504.823816156
vrplc,MIN,vrplc13_11_20_s3,or-tools_cp-sat-ls-free,UNK,1200000, ,0,0,1200000
vrplc,MIN,vrplc13_11_20_s3,picatsat-free,S,1200000,679,22,22,670434.9707520892
vrplc,MIN,vrplc13_11_20_s3,pumpkin-free,S,1200000,730,21,21,988622.344011142
vrplc,MIN,vrplc13_11_20_s3,qiuqi-mixsolver-free,S,1200000,809,18,18,684756.2479108635
vrplc,MIN,vrplc13_11_20_s3,sabori_csp-free,S,1200000,776,19,19,564134.422005571
vrplc,MIN,vrplc13_11_20_s3,scip-free,UNK,1200000, ,0,0,1200000
vrplc,MIN,vrplc13_11_20_s3,sicstus_prolog-free,UNK,1200000, ,0,0,1200000
vrplc,MIN,vrplc13_11_20_s3,thornbill-free,UNK,1200000, ,0,0,1200000
vrplc,MIN,vrplc13_11_20_s3,yuck-free,UNK,1200000, ,0,0,1200000
vrplc,MIN,vrplc9_5_20_s2,atlantis-free,UNK,1200000, ,0,0,1200000
vrplc,MIN,vrplc9_5_20_s2,cbc-free,UNK,1200000, ,0,0,1200000
vrplc,MIN,vrplc9_5_20_s2,choco-solver__cp_-free,UNK,1200000, ,0,0,1200000
vrplc,MIN,vrplc9_5_20_s2,choco-solver__cp_lcg_-free,UNK,1200000, ,0,0,1200000
vrplc,MIN,vrplc9_5_20_s2,chuffed-free,S,1200000,571,25,25,316679.0951882845
vrplc,MIN,vrplc9_5_20_s2,cp_optimizer-free,S,1200000,732,21,21,552876.9759414226
vrplc,MIN,vrplc9_5_20_s2,cplex-free,UNK,1200000, ,0,0,1200000
vrplc,MIN,vrplc9_5_20_s2,crusher-free,UNK,1200000, ,0,0,1200000
vrplc,MIN,vrplc9_5_20_s2,gecode-fd,UNK,1200000, ,0,0,1200000
vrplc,MIN,vrplc9_5_20_s2,gecode___scheduling_portfolio__experimental_-free,UNK,1200000, ,0,0,1200000
vrplc,MIN,vrplc9_5_20_s2,gurobi_12-free,UNK,1200000, ,0,0,1200000
vrplc,MIN,vrplc9_5_20_s2,highs-free,UNK,1200000, ,0,0,1200000
vrplc,MIN,vrplc9_5_20_s2,huub-free,S,1200000,626,23,23,531371.9487447699
vrplc,MIN,vrplc9_5_20_s2,huub__difference_logic_-free,S,1200000,643,22,22,433134.86087866104
vrplc,MIN,vrplc9_5_20_s2,jacop-free,S,1200000,913,19,19,762775.4968619247
vrplc,MIN,vrplc9_5_20_s2,nucs-fd,UNK,1200000, ,0,0,1200000
vrplc,MIN,vrplc9_5_20_s2,or-tools_cp-sat-free,S,1200000,620,24,24,499934.2667364017
vrplc,MIN,vrplc9_5_20_s2,or-tools_cp-sat-ls-free,UNK,1200000, ,0,0,1200000
vrplc,MIN,vrplc9_5_20_s2,picatsat-free,S,1200000,1049,18,18,901935.5
vrplc,MIN,vrplc9_5_20_s2,pumpkin-free,UNK,1200000, ,0,0,1200000
vrplc,MIN,vrplc9_5_20_s2,qiuqi-mixsolver-free,UNK,1200000, ,0,0,1200000
vrplc,MIN,vrplc9_5_20_s2,sabori_csp-free,S,1200000,786,20,20,571325.7510460251
vrplc,MIN,vrplc9_5_20_s2,scip-free,UNK,1200000, ,0,0,1200000
vrplc,MIN,vrplc9_5_20_s2,sicstus_prolog-free,UNK,1200000, ,0,0,1200000
vrplc,MIN,vrplc9_5_20_s2,thornbill-free,UNK,1200000, ,0,0,1200000
vrplc,MIN,vrplc9_5_20_s2,yuck-free,UNK,1200000, ,0,0,1200000
vrplc,MIN,vrplc9_8_15_s3,atlantis-free,UNK,1200000, ,0,0,1200000
vrplc,MIN,vrplc9_8_15_s3,cbc-free,UNK,1200000, ,0,0,1200000
vrplc,MIN,vrplc9_8_15_s3,choco-solver__cp_-free,UNK,1200000, ,0,0,1200000
vrplc,MIN,vrplc9_8_15_s3,choco-solver__cp_lcg_-free,S,1200000,463,23.5,23.5,396685.20307443367
vrplc,MIN,vrplc9_8_15_s3,chuffed-free,S,1200000,483,19,19,357517.4911003236
vrplc,MIN,vrplc9_8_15_s3,cp_optimizer-free,S,1200000,738,15,15,838121.4425566343
vrplc,MIN,vrplc9_8_15_s3,cplex-free,UNK,1200000, ,0,0,1200000
vrplc,MIN,vrplc9_8_15_s3,crusher-free,UNK,1200000, ,0,0,1200000
vrplc,MIN,vrplc9_8_15_s3,gecode-fd,UNK,1200000, ,0,0,1200000
vrplc,MIN,vrplc9_8_15_s3,gecode___scheduling_portfolio__experimental_-free,UNK,1200000, ,0,0,1200000
vrplc,MIN,vrplc9_8_15_s3,gurobi_12-free,UNK,1200000, ,0,0,1200000
vrplc,MIN,vrplc9_8_15_s3,highs-free,UNK,1200000, ,0,0,1200000
vrplc,MIN,vrplc9_8_15_s3,huub-free,S,1200000,466,20.5,20.5,360990.81148867315
vrplc,MIN,vrplc9_8_15_s3,huub__difference_logic_-free,S,1200000,463,23.5,23.5,347484.17233009706
vrplc,MIN,vrplc9_8_15_s3,jacop-free,UNK,1200000, ,0,0,1200000
vrplc,MIN,vrplc9_8_15_s3,nucs-fd,UNK,1200000, ,0,0,1200000
vrplc,MIN,vrplc9_8_15_s3,or-tools_cp-sat-free,S,1200000,463,23.5,23.5,370991.6925566343
vrplc,MIN,vrplc9_8_15_s3,or-tools_cp-sat-ls-free,UNK,1200000, ,0,0,1200000
vrplc,MIN,vrplc9_8_15_s3,picatsat-free,S,1200000,466,20.5,20.5,410996.30663430423
vrplc,MIN,vrplc9_8_15_s3,pumpkin-free,S,1200000,463,23.5,23.5,437942.08899676375
vrplc,MIN,vrplc9_8_15_s3,qiuqi-mixsolver-free,S,1200000,552,17,17,577695.9029126214
vrplc,MIN,vrplc9_8_15_s3,sabori_csp-free,S,1200000,522,18,18,415846.59789644013
vrplc,MIN,vrplc9_8_15_s3,scip-free,S,1200000,635,16,16,888205.8454692557
vrplc,MIN,vrplc9_8_15_s3,sicstus_prolog-free,UNK,1200000, ,0,0,1200000
vrplc,MIN,vrplc9_8_15_s3,thornbill-free,UNK,1200000, ,0,0,1200000
vrplc,MIN,vrplc9_8_15_s3,yuck-free,UNK,1200000, ,0,0,1200000
warehouse,MIN,olal41,atlantis-free,UNK,1200000, ,0,0,1200000
warehouse,MIN,olal41,cbc-free,UNK,1200000, ,0,0,1200000
warehouse,MIN,olal41,choco-solver__cp_-free,S,1200000,91689,11,11,800550.7106926409
warehouse,MIN,olal41,choco-solver__cp_lcg_-free,UNK,1200000, ,0,0,1200000
warehouse,MIN,olal41,chuffed-free,S,1200000,86397,15,15,592685.595026738
warehouse,MIN,olal41,cp_optimizer-free,S,1200000,69244,20,20,566727.3112961547
warehouse,MIN,olal41,cplex-free,S,1200000,139490,6,6,925885.5
warehouse,MIN,olal41,crusher-free,ERR, , ,0,0,1200000
warehouse,MIN,olal41,gecode-fd,S,1200000,85413,16,16,593749.4959281894
warehouse,MIN,olal41,gecode___scheduling_portfolio__experimental_-free,S,1200000,87243,14,14,610866.1451744335
warehouse,MIN,olal41,gurobi_12-free,S,1200000,41315,25,25,413780.6469009422
warehouse,MIN,olal41,highs-free,S,1200000,50166,24,24,939292.4519149478
warehouse,MIN,olal41,huub-free,S,1200000,74411,19,19,554464.1582633053
warehouse,MIN,olal41,huub__difference_logic_-free,S,1200000,60717,22,22,550160.3077540107
warehouse,MIN,olal41,jacop-free,UNK,1200000, ,0,0,1200000
warehouse,MIN,olal41,nucs-fd,S,1200000,87361,13,13,601971.6626712504
warehouse,MIN,olal41,or-tools_cp-sat-free,S,1200000,51978,23,23,432975.0444359562
warehouse,MIN,olal41,or-tools_cp-sat-ls-free,S,1200000,127507,8,8,1040161.3951617006
warehouse,MIN,olal41,picatsat-free,S,1200000,137827,7,7,1085920.3199236058
warehouse,MIN,olal41,pumpkin-free,UNK,1200000, ,0,0,1200000
warehouse,MIN,olal41,qiuqi-mixsolver-free,S,1200000,109753,10,10,833048.1291520245
warehouse,MIN,olal41,sabori_csp-free,S,1200000,110359,9,9,761155.1504558184
warehouse,MIN,olal41,scip-free,S,1200000,79839,18,18,669861.1849961802
warehouse,MIN,olal41,sicstus_prolog-free,S,1200000,80710,17,17,566755.8747160683
warehouse,MIN,olal41,thornbill-free,S,1200000,87395,12,12,591045.412319837
warehouse,MIN,olal41,yuck-free,S,1200000,65353,21,21,534798.4426075885
warehouse,MIN,olil4,atlantis-free,UNK,1200000, ,0,0,1200000
warehouse,MIN,olil4,cbc-free,UNK,1200000, ,0,0,1200000
warehouse,MIN,olil4,choco-solver__cp_-free,S,1200000,68309,17,17,689315.4032468884
warehouse,MIN,olil4,choco-solver__cp_lcg_-free,UNK,1200000, ,0,0,1200000
warehouse,MIN,olil4,chuffed-free,S,1200000,74509,15,15,672711.9256602204
warehouse,MIN,olil4,cp_optimizer-free,S,1200000,54334,19,19,592326.4067893531
warehouse,MIN,olil4,cplex-free,S,1200000,101772,6,6,923069.25
warehouse,MIN,olil4,crusher-free,ERR, , ,0,0,1200000
warehouse,MIN,olil4,gecode-fd,S,1200000,74316,16,16,668120.1989647388
warehouse,MIN,olil4,gecode___scheduling_portfolio__experimental_-free,S,1200000,75092,14,14,681811.4731678697
warehouse,MIN,olil4,gurobi_12-free,S,1200000,34446,25,25,393908.5139470636
warehouse,MIN,olil4,highs-free,S,1200000,40069,24,24,1035353.2059085643
warehouse,MIN,olil4,huub-free,S,1200000,49152,23,23,534723.7295472773
warehouse,MIN,olil4,huub__difference_logic_-free,S,1200000,49200,22,22,546835.9687713513
warehouse,MIN,olil4,jacop-free,UNK,1200000, ,0,0,1200000
warehouse,MIN,olil4,nucs-fd,S,1200000,75405,12,12,682693.805907079
warehouse,MIN,olil4,or-tools_cp-sat-free,S,1200000,53838,20,20,521498.20970353205
warehouse,MIN,olil4,or-tools_cp-sat-ls-free,S,1200000,95093,8,8,1106577.2231530175
warehouse,MIN,olil4,picatsat-free,S,1200000,100604,7,7,1034757.619975938
warehouse,MIN,olil4,pumpkin-free,UNK,1200000, ,0,0,1200000
warehouse,MIN,olil4,qiuqi-mixsolver-free,S,1200000,95068,9,9,871472.3817247424
warehouse,MIN,olil4,sabori_csp-free,S,1200000,81285,10,10,740059.635438018
warehouse,MIN,olil4,scip-free,S,1200000,76613,11,11,775382.6737070375
warehouse,MIN,olil4,sicstus_prolog-free,S,1200000,59006,18,18,542593.6989201794
warehouse,MIN,olil4,thornbill-free,S,1200000,75261,13,13,672285.6282788224
warehouse,MIN,olil4,yuck-free,S,1200000,52784,21,21,524126.2867837092
warehouse,MIN,oly20,atlantis-free,UNK,1200000, ,0,0,1200000
warehouse,MIN,oly20,cbc-free,UNK,1200000, ,0,0,1200000
warehouse,MIN,oly20,choco-solver__cp_-free,S,1200000,590426,20,20,954944.3417955561
warehouse,MIN,oly20,choco-solver__cp_lcg_-free,UNK,1200000, ,0,0,1200000
warehouse,MIN,oly20,chuffed-free,S,1200000,719345,17,17,826998.766011668
warehouse,MIN,oly20,cp_optimizer-free,S,1200000,635952,19,19,818447.4349048784
warehouse,MIN,oly20,cplex-free,UNK,1200000, ,0,0,1200000
warehouse,MIN,oly20,crusher-free,ERR, , ,0,0,1200000
warehouse,MIN,oly20,gecode-fd,S,1200000,716809,18,18,834202.656916305
warehouse,MIN,oly20,gecode___scheduling_portfolio__experimental_-free,S,1200000,727549,12,12,860215.0555761576
warehouse,MIN,oly20,gurobi_12-free,S,1200000,155209,25,25,577638.505246774
warehouse,MIN,oly20,highs-free,UNK,1200000, ,0,0,1200000
warehouse,MIN,oly20,huub-free,S,1200000,723495,14,14,836530.7363904968
warehouse,MIN,oly20,huub__difference_logic_-free,S,1200000,724331,13,13,838109.3170194163
warehouse,MIN,oly20,jacop-free,UNK,1200000, ,0,0,1200000
warehouse,MIN,oly20,nucs-fd,S,1200000,722998,15,15,836301.9497211168
warehouse,MIN,oly20,or-tools_cp-sat-free,S,1200000,187914,23,23,425852.56380396767
warehouse,MIN,oly20,or-tools_cp-sat-ls-free,UNK,1200000, ,0,0,1200000
warehouse,MIN,oly20,picatsat-free,UNK,1200000, ,0,0,1200000
warehouse,MIN,oly20,pumpkin-free,UNK,1200000, ,0,0,1200000
warehouse,MIN,oly20,qiuqi-mixsolver-free,S,1200000,785735,10,10,973887.5002856667
warehouse,MIN,oly20,sabori_csp-free,S,1200000,759990,11,11,897974.3152330556
warehouse,MIN,oly20,scip-free,S,1200000,187481,24,24,588638.8367583213
warehouse,MIN,oly20,sicstus_prolog-free,S,1200000,530762,21,21,680477.7214408466
warehouse,MIN,oly20,thornbill-free,S,1200000,722717,16,16,823013.661727418
warehouse,MIN,oly20,yuck-free,S,1200000,311377,22,22,725164.7442534973
warehouse,MIN,wlp02,atlantis-free,UNK,1200000, ,0,0,1200000
warehouse,MIN,wlp02,cbc-free,UNK,1200000, ,0,0,1200000
warehouse,MIN,wlp02,choco-solver__cp_-free,UNK,1200000, ,0,0,1200000
warehouse,MIN,wlp02,choco-solver__cp_lcg_-free,UNK,1200000, ,0,0,1200000
warehouse,MIN,wlp02,chuffed-free,S,1200000,201482,17,17,793152.2508707289
warehouse,MIN,wlp02,cp_optimizer-free,S,1200000,198969,19,19,819991.2287047637
warehouse,MIN,wlp02,cplex-free,UNK,1200000, ,0,0,1200000
warehouse,MIN,wlp02,crusher-free,ERR, , ,0,0,1200000
warehouse,MIN,wlp02,gecode-fd,S,1200000,199761,18,18,835548.2789772697
warehouse,MIN,wlp02,gecode___scheduling_portfolio__experimental_-free,S,1200000,202610,14,14,881005.2817009853
warehouse,MIN,wlp02,gurobi_12-free,S,1200000,53122,25,25,474160.5259727172
warehouse,MIN,wlp02,highs-free,S,1200000,60428,24,24,1002411.2731267234
warehouse,MIN,wlp02,huub-free,S,1200000,148615,20,20,790906.5123487646
warehouse,MIN,wlp02,huub__difference_logic_-free,S,1200000,201937,15,15,810874.1741686419
warehouse,MIN,wlp02,jacop-free,UNK,1200000, ,0,0,1200000
warehouse,MIN,wlp02,nucs-fd,ERR, , ,0,0,1200000
warehouse,MIN,wlp02,or-tools_cp-sat-free,S,1200000,69748,23,23,489139.3707169002
warehouse,MIN,wlp02,or-tools_cp-sat-ls-free,UNK,1200000, ,0,0,1200000
warehouse,MIN,wlp02,picatsat-free,UNK,1200000, ,0,0,1200000
warehouse,MIN,wlp02,pumpkin-free,UNK,1200000, ,0,0,1200000
warehouse,MIN,wlp02,qiuqi-mixsolver-free,S,1200000,228099,11,11,982010.7234723275
warehouse,MIN,wlp02,sabori_csp-free,S,1200000,223503,12,12,961617.8583466363
warehouse,MIN,wlp02,scip-free,S,1200000,204743,13,13,862963.5519387157
warehouse,MIN,wlp02,sicstus_prolog-free,S,1200000,114272,21,21,557633.2151963708
warehouse,MIN,wlp02,thornbill-free,S,1200000,201693,16,16,786566.7527129658
warehouse,MIN,wlp02,yuck-free,S,1200000,98434,22,22,510905.382655831
warehouse,MIN,wlp22,atlantis-free,UNK,1200000, ,0,0,1200000
warehouse,MIN,wlp22,cbc-free,ERR, , ,0,0,1200000
warehouse,MIN,wlp22,choco-solver__cp_-free,UNK,1200000, ,0,0,1200000
warehouse,MIN,wlp22,choco-solver__cp_lcg_-free,UNK,1200000, ,0,0,1200000
warehouse,MIN,wlp22,chuffed-free,S,1200000,339076,22,22,828366.030326408
warehouse,MIN,wlp22,cp_optimizer-free,S,1200000,343499,18,18,1003082.569068308
warehouse,MIN,wlp22,cplex-free,ERR, , ,0,0,1200000
warehouse,MIN,wlp22,crusher-free,ERR, , ,0,0,1200000
warehouse,MIN,wlp22,gecode-fd,UNK,1200000, ,0,0,1200000
warehouse,MIN,wlp22,gecode___scheduling_portfolio__experimental_-free,UNK,1200000, ,0,0,1200000
warehouse,MIN,wlp22,gurobi_12-free,ERR, , ,0,0,1200000
warehouse,MIN,wlp22,highs-free,ERR, , ,0,0,1200000
warehouse,MIN,wlp22,huub-free,S,1200000,341121,20,20,898976.286051542
warehouse,MIN,wlp22,huub__difference_logic_-free,S,1200000,341144,19,19,908533.86247888
warehouse,MIN,wlp22,jacop-free,UNK,1200000, ,0,0,1200000
warehouse,MIN,wlp22,nucs-fd,ERR, , ,0,0,1200000
warehouse,MIN,wlp22,or-tools_cp-sat-free,S,1200000,125128,25,25,782160.8396665367
warehouse,MIN,wlp22,or-tools_cp-sat-ls-free,UNK,1200000, ,0,0,1200000
warehouse,MIN,wlp22,picatsat-free,UNK,1200000, ,0,0,1200000
warehouse,MIN,wlp22,pumpkin-free,UNK,1200000, ,0,0,1200000
warehouse,MIN,wlp22,qiuqi-mixsolver-free,UNK,1200000, ,0,0,1200000
warehouse,MIN,wlp22,sabori_csp-free,ERR, , ,0,0,1200000
warehouse,MIN,wlp22,scip-free,ERR, , ,0,0,1200000
warehouse,MIN,wlp22,sicstus_prolog-free,S,1200000,180828,23,23,897363.3559999256
warehouse,MIN,wlp22,thornbill-free,S,1200000,339817,21,21,806482.7416123583
warehouse,MIN,wlp22,yuck-free,S,1200000,145076,24,24,767492.4420264021
workforce-alloc,MIN,instance_174,atlantis-free,S,1200000,45,2,13,315089.25
workforce-alloc,MIN,instance_174,cbc-free,SC,1561,45,15.924999999999999,13,1530.25
workforce-alloc,MIN,instance_174,choco-solver__cp_-free,SC,3610,45,10.471428571428572,13,3595.75
workforce-alloc,MIN,instance_174,choco-solver__cp_lcg_-free,SC,4492,45,9.264935064935065,13,4475.5
workforce-alloc,MIN,instance_174,chuffed-free,SC,1601,45,15.924999999999999,13,1601
workforce-alloc,MIN,instance_174,cp_optimizer-free,SC,1396,45,15.924999999999999,13,1396
workforce-alloc,MIN,instance_174,cplex-free,SC,1592,45,15.924999999999999,13,1559.75
workforce-alloc,MIN,instance_174,crusher-free,UNK,1200000, ,0,0,1200000
workforce-alloc,MIN,instance_174,gecode-fd,SC,1544,45,15.924999999999999,13,1513.25
workforce-alloc,MIN,instance_174,gecode___scheduling_portfolio__experimental_-free,SC,1631,45,15.924999999999999,13,1601
workforce-alloc,MIN,instance_174,gurobi_12-free,SC,1584,45,15.924999999999999,13,1584
workforce-alloc,MIN,instance_174,highs-free,SC,1552,45,15.924999999999999,13,1520.5
workforce-alloc,MIN,instance_174,huub-free,SC,1444,45,15.924999999999999,13,1413.25
workforce-alloc,MIN,instance_174,huub__difference_logic_-free,SC,1525,45,15.924999999999999,13,1494.25
workforce-alloc,MIN,instance_174,jacop-free,SC,2402,45,12.37777777777778,13,2371.25
workforce-alloc,MIN,instance_174,nucs-fd,SC,7666,45,7.33030303030303,13,7583.5
workforce-alloc,MIN,instance_174,or-tools_cp-sat-free,SC,2007,45,12.37777777777778,13,2007
workforce-alloc,MIN,instance_174,or-tools_cp-sat-ls-free,SC,2231,45,12.37777777777778,13,2201
workforce-alloc,MIN,instance_174,picatsat-free,SC,1477,45,15.924999999999999,13,1474.75
workforce-alloc,MIN,instance_174,pumpkin-free,SC,1458,45,15.924999999999999,13,1428
workforce-alloc,MIN,instance_174,qiuqi-mixsolver-free,S,1200000,45,2,13,301220.25
workforce-alloc,MIN,instance_174,sabori_csp-free,SC,1590,45,15.924999999999999,13,1557
workforce-alloc,MIN,instance_174,scip-free,SC,1891,45,15.924999999999999,13,1861
workforce-alloc,MIN,instance_174,sicstus_prolog-free,SC,1457,45,15.924999999999999,13,1426.25
workforce-alloc,MIN,instance_174,thornbill-free,SC,1464,45,15.924999999999999,13,1433.25
workforce-alloc,MIN,instance_174,yuck-free,S,1200000,45,2,13,305255.25
workforce-alloc,MIN,instance_19,atlantis-free,UNK,1200000, ,0,0,1200000
workforce-alloc,MIN,instance_19,cbc-free,UNK,1200000, ,0,0,1200000
workforce-alloc,MIN,instance_19,choco-solver__cp_-free,S,1200000,12615,12,12,425479.57803943043
workforce-alloc,MIN,instance_19,choco-solver__cp_lcg_-free,S,1200000,9000,21.5,22,767644.8918400876
workforce-alloc,MIN,instance_19,chuffed-free,S,1200000,9000,21.5,22,326290.889101862
workforce-alloc,MIN,instance_19,cp_optimizer-free,S,1200000,9000,21.5,22,314910.7182365827
workforce-alloc,MIN,instance_19,cplex-free,S,1200000,21825,9,9,648654.2034501643
workforce-alloc,MIN,instance_19,crusher-free,ERR, , ,0,0,1200000
workforce-alloc,MIN,instance_19,gecode-fd,UNK,1200000, ,0,0,1200000
workforce-alloc,MIN,instance_19,gecode___scheduling_portfolio__experimental_-free,S,1200000,9105,17,17,309282.87842278206
workforce-alloc,MIN,instance_19,gurobi_12-free,S,1200000,12630,11,11,481083.17196056957
workforce-alloc,MIN,instance_19,highs-free,S,1200000,10935,15,15,472710.49288061337
workforce-alloc,MIN,instance_19,huub-free,S,1200000,9000,21.5,22,313540.6782584885
workforce-alloc,MIN,instance_19,huub__difference_logic_-free,S,1200000,9000,21.5,22,309053.4140197152
workforce-alloc,MIN,instance_19,jacop-free,UNK,1200000, ,0,0,1200000
workforce-alloc,MIN,instance_19,nucs-fd,UNK,1200000, ,0,0,1200000
workforce-alloc,MIN,instance_19,or-tools_cp-sat-free,SC,119238,9000,25,22,33692.70071193866
workforce-alloc,MIN,instance_19,or-tools_cp-sat-ls-free,S,1200000,10965,14,14,355766.1204819277
workforce-alloc,MIN,instance_19,picatsat-free,S,1200000,10980,13,13,376720.7034501643
workforce-alloc,MIN,instance_19,pumpkin-free,S,1200000,9000,21.5,22,345962.84145673603
workforce-alloc,MIN,instance_19,qiuqi-mixsolver-free,S,1200000,9030,18,18,307757.2625958379
workforce-alloc,MIN,instance_19,sabori_csp-free,S,1200000,10800,16,16,442165.54846659367
workforce-alloc,MIN,instance_19,scip-free,S,1200000,18300,10,10,741339.3493975904
workforce-alloc,MIN,instance_19,sicstus_prolog-free,ERR, , ,0,0,1200000
workforce-alloc,MIN,instance_19,thornbill-free,S,1200000,36390,8,8,903486.75
workforce-alloc,MIN,instance_19,yuck-free,UNK,1200000, ,0,0,1200000
workforce-alloc,MIN,instance_202,atlantis-free,UNK,1200000, ,0,0,1200000
workforce-alloc,MIN,instance_202,cbc-free,S,1200000,3960,8,8,527970.544657763
workforce-alloc,MIN,instance_202,choco-solver__cp_-free,S,1200000,1125,15.5,17,319154.0050083472
workforce-alloc,MIN,instance_202,choco-solver__cp_lcg_-free,S,1200000,1125,15.5,17,335188.60141903174
workforce-alloc,MIN,instance_202,chuffed-free,S,1200000,1125,15.5,17,302913.98789649416
workforce-alloc,MIN,instance_202,cp_optimizer-free,S,1200000,1125,15.5,17,302325.7491652755
workforce-alloc,MIN,instance_202,cplex-free,S,1200000,1125,15.5,17,319132.6227045075
workforce-alloc,MIN,instance_202,crusher-free,S,1200000,5130,7,7,618789.4912353924
workforce-alloc,MIN,instance_202,gecode-fd,UNK,1200000, ,0,0,1200000
workforce-alloc,MIN,instance_202,gecode___scheduling_portfolio__experimental_-free,S,1200000,1125,15.5,17,301292.68405676127
workforce-alloc,MIN,instance_202,gurobi_12-free,SC,1136120,1125,23.184513304848178,17,291716.19741235394
workforce-alloc,MIN,instance_202,highs-free,S,1200000,1125,15.5,17,328192.5033388982
workforce-alloc,MIN,instance_202,huub-free,S,1200000,1125,15.5,17,302618.75792988314
workforce-alloc,MIN,instance_202,huub__difference_logic_-free,S,1200000,1125,15.5,17,302027.07095158595
workforce-alloc,MIN,instance_202,jacop-free,S,1200000,10110,5,5,900915.5
workforce-alloc,MIN,instance_202,nucs-fd,UNK,1200000, ,0,0,1200000
workforce-alloc,MIN,instance_202,or-tools_cp-sat-free,SC,108221,1125,24.4456508122103,17,29139.92445742905
workforce-alloc,MIN,instance_202,or-tools_cp-sat-ls-free,S,1200000,1125,15.5,17,302065.3843906511
workforce-alloc,MIN,instance_202,picatsat-free,SC,123265,1125,24.369835882941523,17,33686.75333889816
workforce-alloc,MIN,instance_202,pumpkin-free,S,1200000,1125,15.5,17,303845.9265442404
workforce-alloc,MIN,instance_202,qiuqi-mixsolver-free,S,1200000,1125,15.5,17,302534.1423205342
workforce-alloc,MIN,instance_202,sabori_csp-free,S,1200000,1125,15.5,17,304098.8359766277
workforce-alloc,MIN,instance_202,scip-free,S,1200000,1125,15.5,17,358805.9148580968
workforce-alloc,MIN,instance_202,sicstus_prolog-free,ERR, , ,0,0,1200000
workforce-alloc,MIN,instance_202,thornbill-free,S,1200000,8445,6,6,789741.9140233723
workforce-alloc,MIN,instance_202,yuck-free,UNK,1200000, ,0,0,1200000
workforce-alloc,MIN,instance_24_56,atlantis-free,UNK,1200000, ,0,0,1200000
workforce-alloc,MIN,instance_24_56,cbc-free,S,1200000,1425,15,17,438897.34210526315
workforce-alloc,MIN,instance_24_56,choco-solver__cp_-free,S,1200000,2130,8,8,343982.47039473685
workforce-alloc,MIN,instance_24_56,choco-solver__cp_lcg_-free,S,1200000,1425,15,17,331815.3486842105
workforce-alloc,MIN,instance_24_56,chuffed-free,S,1200000,1425,15,17,302650.71710526315
workforce-alloc,MIN,instance_24_56,cp_optimizer-free,S,1200000,1425,15,17,302396.8019736842
workforce-alloc,MIN,instance_24_56,cplex-free,SC,196929,1425,23.185082520725803,17,68608.68815789474
workforce-alloc,MIN,instance_24_56,crusher-free,S,1200000,5760,7,7,564390.4822368422
workforce-alloc,MIN,instance_24_56,gecode-fd,UNK,1200000, ,0,0,1200000
workforce-alloc,MIN,instance_24_56,gecode___scheduling_portfolio__experimental_-free,S,1200000,1425,15,17,302321.21315789473
workforce-alloc,MIN,instance_24_56,gurobi_12-free,SC,41337,1425,24.487691940627418,17,14558.192763157895
workforce-alloc,MIN,instance_24_56,highs-free,S,1200000,1425,15,17,322756.8717105263
workforce-alloc,MIN,instance_24_56,huub-free,S,1200000,1425,15,17,301862.2861842105
workforce-alloc,MIN,instance_24_56,huub__difference_logic_-free,S,1200000,1425,15,17,301949.24934210523
workforce-alloc,MIN,instance_24_56,jacop-free,S,1200000,12825,5,5,900890.25
workforce-alloc,MIN,instance_24_56,nucs-fd,UNK,1200000, ,0,0,1200000
workforce-alloc,MIN,instance_24_56,or-tools_cp-sat-free,SC,192673,1425,23.2035083641128,17,50290.55855263158
workforce-alloc,MIN,instance_24_56,or-tools_cp-sat-ls-free,S,1200000,1425,15,17,302406.4769736842
workforce-alloc,MIN,instance_24_56,picatsat-free,SC,210831,1425,23.12371717453398,17,56109.975657894734
workforce-alloc,MIN,instance_24_56,pumpkin-free,S,1200000,1425,15,17,303273.2177631579
workforce-alloc,MIN,instance_24_56,qiuqi-mixsolver-free,S,1200000,1425,15,17,302810.3427631579
workforce-alloc,MIN,instance_24_56,sabori_csp-free,S,1200000,1425,15,17,310806.3427631579
workforce-alloc,MIN,instance_24_56,scip-free,S,1200000,1425,15,17,336758.3447368421
workforce-alloc,MIN,instance_24_56,sicstus_prolog-free,ERR, , ,0,0,1200000
workforce-alloc,MIN,instance_24_56,thornbill-free,S,1200000,11460,6,6,829036.2460526316
workforce-alloc,MIN,instance_24_56,yuck-free,UNK,1200000, ,0,0,1200000
workforce-alloc,MIN,instance_71,atlantis-free,UNK,1200000, ,0,0,1200000
workforce-alloc,MIN,instance_71,cbc-free,UNK,1200000, ,0,0,1200000
workforce-alloc,MIN,instance_71,choco-solver__cp_-free,S,1200000,12165,13,13,417663.3821548822
workforce-alloc,MIN,instance_71,choco-solver__cp_lcg_-free,S,1200000,12165,13,13,438754.7909652076
workforce-alloc,MIN,instance_71,chuffed-free,S,1200000,10125,19.5,21.5,328419.54741863074
workforce-alloc,MIN,instance_71,cp_optimizer-free,S,1200000,10125,19.5,21.5,311931.7842312009
workforce-alloc,MIN,instance_71,cplex-free,S,1200000,24525,9,9,713346.9478114478
workforce-alloc,MIN,instance_71,crusher-free,UNK,1200000, ,0,0,1200000
workforce-alloc,MIN,instance_71,gecode-fd,UNK,1200000, ,0,0,1200000
workforce-alloc,MIN,instance_71,gecode___scheduling_portfolio__experimental_-free,S,1200000,10230,16,16,304502.4747474748
workforce-alloc,MIN,instance_71,gurobi_12-free,S,1200000,12165,13,13,400630.6343995511
workforce-alloc,MIN,instance_71,highs-free,S,1200000,12165,13,13,465362.1411335578
workforce-alloc,MIN,instance_71,huub-free,SC,904966,10125,23.08375062179057,21.5,232105.10521885523
workforce-alloc,MIN,instance_71,huub__difference_logic_-free,SC,1040974,10125,22.975600941839055,21.5,265597.34371492703
workforce-alloc,MIN,instance_71,jacop-free,S,1200000,36765,8,8,899385.9609988777
workforce-alloc,MIN,instance_71,nucs-fd,UNK,1200000, ,0,0,1200000
workforce-alloc,MIN,instance_71,or-tools_cp-sat-free,SC,23926,10125,24.93095858401439,21.5,9761.323793490461
workforce-alloc,MIN,instance_71,or-tools_cp-sat-ls-free,S,1200000,10200,17,17,339262.39421997755
workforce-alloc,MIN,instance_71,picatsat-free,SC,995487,10125,23.009689852355983,21.5,270341.5134680135
workforce-alloc,MIN,instance_71,pumpkin-free,S,1200000,10125,19.5,21.5,327836.1130751964
workforce-alloc,MIN,instance_71,qiuqi-mixsolver-free,S,1200000,10125,19.5,21.5,306538.2687991021
workforce-alloc,MIN,instance_71,sabori_csp-free,S,1200000,12165,13,13,391824.23484848486
workforce-alloc,MIN,instance_71,scip-free,S,1200000,14430,10,10,484254.94500561163
workforce-alloc,MIN,instance_71,sicstus_prolog-free,ERR, , ,0,0,1200000
workforce-alloc,MIN,instance_71,thornbill-free,S,1200000,36855,7,7,902138
workforce-alloc,MIN,instance_71,yuck-free,UNK,1200000, ,0,0,1200000
zephyrus-2016,MIN,12__10__10__3,atlantis-free,S,1200000,11375,5,5,987058.1394230769
zephyrus-2016,MIN,12__10__10__3,cbc-free,SC,16392,4940,14.119913003585538,16.5,16273.5
zephyrus-2016,MIN,12__10__10__3,choco-solver__cp_-free,SC,10664,4940,15.10918179783359,16.5,5556.091346153846
zephyrus-2016,MIN,12__10__10__3,choco-solver__cp_lcg_-free,SC,5968,4940,16.893936229462547,16.5,5443.432692307692
zephyrus-2016,MIN,12__10__10__3,chuffed-free,SC,2342,4940,19.58217194991389,16.5,2342
zephyrus-2016,MIN,12__10__10__3,cp_optimizer-free,ERR, , ,0,0,1200000
zephyrus-2016,MIN,12__10__10__3,cplex-free,SC,2843,4940,19.58217194991389,16.5,2487.25
zephyrus-2016,MIN,12__10__10__3,crusher-free,UNK,1200000, ,0,0,1200000
zephyrus-2016,MIN,12__10__10__3,gecode-fd,UNK,1200000, ,0,0,1200000
zephyrus-2016,MIN,12__10__10__3,gecode___scheduling_portfolio__experimental_-free,UNK,1200000, ,0,0,1200000
zephyrus-2016,MIN,12__10__10__3,gurobi_12-free,SC,1867,4940,21.50837981518884,16.5,1723.0048076923076
zephyrus-2016,MIN,12__10__10__3,highs-free,SC,2273,4940,19.58217194991389,16.5,2084.173076923077
zephyrus-2016,MIN,12__10__10__3,huub-free,SC,1573,4940,21.50837981518884,16.5,1573
zephyrus-2016,MIN,12__10__10__3,huub__difference_logic_-free,SC,1573,4940,21.50837981518884,16.5,1573
zephyrus-2016,MIN,12__10__10__3,jacop-free,S,1200000,7540,6,6,532823.4038461539
zephyrus-2016,MIN,12__10__10__3,nucs-fd,UNK,1200000, ,0,0,1200000
zephyrus-2016,MIN,12__10__10__3,or-tools_cp-sat-free,SC,2007,4940,19.58217194991389,16.5,1994.3365384615386
zephyrus-2016,MIN,12__10__10__3,or-tools_cp-sat-ls-free,S,1200000,4940,9,16.5,301766.2163461539
zephyrus-2016,MIN,12__10__10__3,picatsat-free,SC,3639,4940,18.377637114119434,16.5,2321.350961538462
zephyrus-2016,MIN,12__10__10__3,pumpkin-free,SC,2348,4940,19.58217194991389,16.5,2217.961538461538
zephyrus-2016,MIN,12__10__10__3,qiuqi-mixsolver-free,S,1200000,4940,9,16.5,302347.5
zephyrus-2016,MIN,12__10__10__3,sabori_csp-free,SC,1021540,4940,11.060214632566803,16.5,257445.6826923077
zephyrus-2016,MIN,12__10__10__3,scip-free,SC,5447,4940,16.893936229462547,16.5,4063.0096153846157
zephyrus-2016,MIN,12__10__10__3,sicstus_prolog-free,S,1200000,5200,7,7,324661.96153846156
zephyrus-2016,MIN,12__10__10__3,thornbill-free,SC,10587,4940,15.10918179783359,16.5,4901.7067307692305
zephyrus-2016,MIN,12__10__10__3,yuck-free,S,1200000,4940,9,16.5,305404.3846153846
zephyrus-2016,MIN,12__6__10__3,atlantis-free,UNK,1200000, ,0,0,1200000
zephyrus-2016,MIN,12__6__10__3,cbc-free,SC,30546,1820,14.000105856821426,16.5,25129.401315789473
zephyrus-2016,MIN,12__6__10__3,choco-solver__cp_-free,SC,13346,1820,15.274369245471567,16.5,6647.664473684212
zephyrus-2016,MIN,12__6__10__3,choco-solver__cp_lcg_-free,SC,8047,1820,16.230145487337204,16.5,5717.967105263158
zephyrus-2016,MIN,12__6__10__3,chuffed-free,SC,1785,1820,21.49816521590715,16.5,1785
zephyrus-2016,MIN,12__6__10__3,cp_optimizer-free,ERR, , ,0,0,1200000
zephyrus-2016,MIN,12__6__10__3,cplex-free,SC,2699,1820,19.69678659286593,16.5,2225.2631578947367
zephyrus-2016,MIN,12__6__10__3,crusher-free,UNK,1200000, ,0,0,1200000
zephyrus-2016,MIN,12__6__10__3,gecode-fd,UNK,1200000, ,0,0,1200000
zephyrus-2016,MIN,12__6__10__3,gecode___scheduling_portfolio__experimental_-free,UNK,1200000, ,0,0,1200000
zephyrus-2016,MIN,12__6__10__3,gurobi_12-free,SC,1911,1820,21.49816521590715,16.5,1716.3947368421054
zephyrus-2016,MIN,12__6__10__3,highs-free,SC,2479,1820,19.69678659286593,16.5,2017.4934210526317
zephyrus-2016,MIN,12__6__10__3,huub-free,SC,1548,1820,21.49816521590715,16.5,1548
zephyrus-2016,MIN,12__6__10__3,huub__difference_logic_-free,SC,1570,1820,21.49816521590715,16.5,1570
zephyrus-2016,MIN,12__6__10__3,jacop-free,S,1200000,5460,6,6,522941.8059210526
zephyrus-2016,MIN,12__6__10__3,nucs-fd,UNK,1200000, ,0,0,1200000
zephyrus-2016,MIN,12__6__10__3,or-tools_cp-sat-free,SC,2045,1820,19.69678659286593,16.5,1956.5394736842106
zephyrus-2016,MIN,12__6__10__3,or-tools_cp-sat-ls-free,S,1200000,1820,9.5,16.5,301674.3388157895
zephyrus-2016,MIN,12__6__10__3,picatsat-free,SC,3106,1820,18.6092627960275,16.5,2083.046052631579
zephyrus-2016,MIN,12__6__10__3,pumpkin-free,SC,2792,1820,19.69678659286593,16.5,2610.476973684211
zephyrus-2016,MIN,12__6__10__3,qiuqi-mixsolver-free,S,1200000,1820,9.5,16.5,302012.25
zephyrus-2016,MIN,12__6__10__3,sabori_csp-free,SC,269807,1820,12.245331141801158,16.5,69624.3552631579
zephyrus-2016,MIN,12__6__10__3,scip-free,SC,4513,1820,17.860978237448826,16.5,3557.1052631578946
zephyrus-2016,MIN,12__6__10__3,sicstus_prolog-free,S,1200000,2210,7,7,324908.8618421053
zephyrus-2016,MIN,12__6__10__3,thornbill-free,S,1200000,1820,9.5,16.5,302903.99013157893
zephyrus-2016,MIN,12__6__10__3,yuck-free,S,1200000,1820,9.5,16.5,305516.0756578947
zephyrus-2016,MIN,14__10__10__3,atlantis-free,UNK,1200000, ,0,0,1200000
zephyrus-2016,MIN,14__10__10__3,cbc-free,SC,74797,4290,12.730647195275992,16.5,55238.47222222222
zephyrus-2016,MIN,14__10__10__3,choco-solver__cp_-free,SC,13424,4290,15.499457207057171,16.5,7154.618055555557
zephyrus-2016,MIN,14__10__10__3,choco-solver__cp_lcg_-free,SC,8177,4290,16.6449619864868,16.5,5961.065972222222
zephyrus-2016,MIN,14__10__10__3,chuffed-free,SC,1534,4290,22.06087001137088,16.5,1534
zephyrus-2016,MIN,14__10__10__3,cp_optimizer-free,ERR, , ,0,0,1200000
zephyrus-2016,MIN,14__10__10__3,cplex-free,SC,5938,4290,17.870029723297222,16.5,4165.663194444444
zephyrus-2016,MIN,14__10__10__3,crusher-free,UNK,1200000, ,0,0,1200000
zephyrus-2016,MIN,14__10__10__3,gecode-fd,UNK,1200000, ,0,0,1200000
zephyrus-2016,MIN,14__10__10__3,gecode___scheduling_portfolio__experimental_-free,UNK,1200000, ,0,0,1200000
zephyrus-2016,MIN,14__10__10__3,gurobi_12-free,SC,2377,4290,20.3595094963516,16.5,2153.3263888888887
zephyrus-2016,MIN,14__10__10__3,highs-free,SC,3808,4290,19.26462386694708,16.5,2845.145833333333
zephyrus-2016,MIN,14__10__10__3,huub-free,SC,1663,4290,22.06087001137088,16.5,1663
zephyrus-2016,MIN,14__10__10__3,huub__difference_logic_-free,SC,1657,4290,22.06087001137088,16.5,1638.25
zephyrus-2016,MIN,14__10__10__3,jacop-free,S,1200000,7930,6,6,547340.2152777778
zephyrus-2016,MIN,14__10__10__3,nucs-fd,UNK,1200000, ,0,0,1200000
zephyrus-2016,MIN,14__10__10__3,or-tools_cp-sat-free,SC,2329,4290,20.3595094963516,16.5,2188.2569444444443
zephyrus-2016,MIN,14__10__10__3,or-tools_cp-sat-ls-free,S,1200000,4290,9,16.5,301639.71527777775
zephyrus-2016,MIN,14__10__10__3,picatsat-free,SC,3598,4290,19.26462386694708,16.5,2310.0694444444443
zephyrus-2016,MIN,14__10__10__3,pumpkin-free,SC,3319,4290,19.26462386694708,16.5,3009.0416666666665
zephyrus-2016,MIN,14__10__10__3,qiuqi-mixsolver-free,S,1200000,4290,9,16.5,302344.5
zephyrus-2016,MIN,14__10__10__3,sabori_csp-free,SC,908411,4290,11.148387401663518,16.5,229657.53472222222
zephyrus-2016,MIN,14__10__10__3,scip-free,SC,9707,4290,16.35402819917462,16.5,5412.368055555556
zephyrus-2016,MIN,14__10__10__3,sicstus_prolog-free,S,1200000,4550,7,7,318396.52777777775
zephyrus-2016,MIN,14__10__10__3,thornbill-free,SC,16281,4290,15.05698765938757,16.5,6423.993055555557
zephyrus-2016,MIN,14__10__10__3,yuck-free,S,1200000,4290,9,16.5,305897.1041666667
zephyrus-2016,MIN,14__6__10__3,atlantis-free,S,1200000,13000,5,5,1029816.7663043479
zephyrus-2016,MIN,14__6__10__3,cbc-free,SC,59020,1690,12.996597940823024,16.5,48325.47282608696
zephyrus-2016,MIN,14__6__10__3,choco-solver__cp_-free,SC,24880,1690,14.349501573531485,16.5,9296.95652173913
zephyrus-2016,MIN,14__6__10__3,choco-solver__cp_lcg_-free,SC,6799,1690,17.378475571450203,16.5,5576.923913043478
zephyrus-2016,MIN,14__6__10__3,chuffed-free,SC,2149,1690,20.364076777407238,16.5,2149
zephyrus-2016,MIN,14__6__10__3,cp_optimizer-free,ERR, , ,0,0,1200000
zephyrus-2016,MIN,14__6__10__3,cplex-free,SC,2872,1690,20.364076777407238,16.5,2225.502717391304
zephyrus-2016,MIN,14__6__10__3,crusher-free,UNK,1200000, ,0,0,1200000
zephyrus-2016,MIN,14__6__10__3,gecode-fd,UNK,1200000, ,0,0,1200000
zephyrus-2016,MIN,14__6__10__3,gecode___scheduling_portfolio__experimental_-free,UNK,1200000, ,0,0,1200000
zephyrus-2016,MIN,14__6__10__3,gurobi_12-free,SC,2359,1690,20.364076777407238,16.5,2027.2201086956525
zephyrus-2016,MIN,14__6__10__3,highs-free,SC,3389,1690,19.253234360698368,16.5,2440.6875
zephyrus-2016,MIN,14__6__10__3,huub-free,SC,1564,1690,22.09692868365406,16.5,1564
zephyrus-2016,MIN,14__6__10__3,huub__difference_logic_-free,SC,1641,1690,22.09692868365406,16.5,1641
zephyrus-2016,MIN,14__6__10__3,jacop-free,S,1200000,6110,6,6,523864.9728260869
zephyrus-2016,MIN,14__6__10__3,nucs-fd,UNK,1200000, ,0,0,1200000
zephyrus-2016,MIN,14__6__10__3,or-tools_cp-sat-free,SC,2089,1690,20.364076777407238,16.5,1965.3940217391303
zephyrus-2016,MIN,14__6__10__3,or-tools_cp-sat-ls-free,S,1200000,1690,9,16.5,301790.847826087
zephyrus-2016,MIN,14__6__10__3,picatsat-free,SC,3140,1690,19.253234360698368,16.5,2219.760869565217
zephyrus-2016,MIN,14__6__10__3,pumpkin-free,SC,5074,1690,17.85771459246585,16.5,4437.285326086956
zephyrus-2016,MIN,14__6__10__3,qiuqi-mixsolver-free,S,1200000,1690,9,16.5,302175.75
zephyrus-2016,MIN,14__6__10__3,sabori_csp-free,SC,416665,1690,11.318044750643741,16.5,106368.60597826086
zephyrus-2016,MIN,14__6__10__3,scip-free,SC,28831,1690,14.085317780286045,16.5,11551.032608695652
zephyrus-2016,MIN,14__6__10__3,sicstus_prolog-free,S,1200000,2080,7,7,320932.82608695654
zephyrus-2016,MIN,14__6__10__3,thornbill-free,SC,5981,1690,17.85771459246585,16.5,3344.377717391304
zephyrus-2016,MIN,14__6__10__3,yuck-free,S,1200000,1690,9,16.5,305857.85597826086
zephyrus-2016,MIN,14__8__8__3,atlantis-free,UNK,1200000, ,0,0,1200000
zephyrus-2016,MIN,14__8__8__3,cbc-free,SC,40747,1950,13.083114609132512,16.5,36433.93611111111
zephyrus-2016,MIN,14__8__8__3,choco-solver__cp_-free,SC,20794,1950,14.098805256796684,16.5,8575.93888888889
zephyrus-2016,MIN,14__8__8__3,choco-solver__cp_lcg_-free,SC,6766,1950,16.7155286598894,16.5,5452.891666666666
zephyrus-2016,MIN,14__8__8__3,chuffed-free,SC,1427,1950,21.672916259819992,16.5,1427
zephyrus-2016,MIN,14__8__8__3,cp_optimizer-free,ERR, , ,0,0,1200000
zephyrus-2016,MIN,14__8__8__3,cplex-free,SC,3284,1950,18.64042591119209,16.5,2493.9
zephyrus-2016,MIN,14__8__8__3,crusher-free,UNK,1200000, ,0,0,1200000
zephyrus-2016,MIN,14__8__8__3,gecode-fd,UNK,1200000, ,0,0,1200000
zephyrus-2016,MIN,14__8__8__3,gecode___scheduling_portfolio__experimental_-free,UNK,1200000, ,0,0,1200000
zephyrus-2016,MIN,14__8__8__3,gurobi_12-free,SC,2463,1950,19.809261916720484,16.5,2210.825
zephyrus-2016,MIN,14__8__8__3,highs-free,SC,2827,1950,19.809261916720484,16.5,2240.9444444444443
zephyrus-2016,MIN,14__8__8__3,huub-free,SC,1726,1950,21.672916259819992,16.5,1726
zephyrus-2016,MIN,14__8__8__3,huub__difference_logic_-free,SC,1609,1950,21.672916259819992,16.5,1609
zephyrus-2016,MIN,14__8__8__3,jacop-free,S,1200000,5590,6,6,488953.8777777778
zephyrus-2016,MIN,14__8__8__3,nucs-fd,UNK,1200000, ,0,0,1200000
zephyrus-2016,MIN,14__8__8__3,or-tools_cp-sat-free,SC,2091,1950,19.809261916720484,16.5,1944.1027777777776
zephyrus-2016,MIN,14__8__8__3,or-tools_cp-sat-ls-free,S,1200000,1950,9,16.5,301709.5444444445
zephyrus-2016,MIN,14__8__8__3,picatsat-free,SC,3225,1950,18.64042591119209,16.5,2109.5
zephyrus-2016,MIN,14__8__8__3,pumpkin-free,SC,3512,1950,18.64042591119209,16.5,3106.1138888888886
zephyrus-2016,MIN,14__8__8__3,qiuqi-mixsolver-free,S,1200000,1950,9,16.5,302257.5
zephyrus-2016,MIN,14__8__8__3,sabori_csp-free,SC,903433,1950,11.102661958085402,16.5,227831.35833333334
zephyrus-2016,MIN,14__8__8__3,scip-free,SC,8300,1950,15.991651341706227,16.5,6931.766666666666
zephyrus-2016,MIN,14__8__8__3,sicstus_prolog-free,S,1200000,2340,7,7,321183.6
zephyrus-2016,MIN,14__8__8__3,thornbill-free,SC,3867,1950,18.64042591119209,16.5,2745.647222222222
zephyrus-2016,MIN,14__8__8__3,yuck-free,S,1200000,1950,9,16.5,305184.8722222222
